Bet,betsite,dates,odds,fighter1,fighter2,class,url
Din Thomas,5Dimes,1187559029000,+155,Din Thomas,Kenny Florian,even,https://www.bestfightodds.com/events/ufc-fight-night-11-thomas-vs-florian-13
Din Thomas,5Dimes,1187611229000,+150,Din Thomas,Kenny Florian,even,https://www.bestfightodds.com/events/ufc-fight-night-11-thomas-vs-florian-13
Din Thomas,5Dimes,1189294239000,+145,Din Thomas,Kenny Florian,even,https://www.bestfightodds.com/events/ufc-fight-night-11-thomas-vs-florian-13
Din Thomas,5Dimes,1189425620000,+130,Din Thomas,Kenny Florian,even,https://www.bestfightodds.com/events/ufc-fight-night-11-thomas-vs-florian-13
Din Thomas,5Dimes,1189445416000,+135,Din Thomas,Kenny Florian,even,https://www.bestfightodds.com/events/ufc-fight-night-11-thomas-vs-florian-13
Din Thomas,5Dimes,1189463423000,+140,Din Thomas,Kenny Florian,even,https://www.bestfightodds.com/events/ufc-fight-night-11-thomas-vs-florian-13
Din Thomas,5Dimes,1190185229000,+150,Din Thomas,Kenny Florian,even,https://www.bestfightodds.com/events/ufc-fight-night-11-thomas-vs-florian-13
Din Thomas,5Dimes,1190194225000,+140,Din Thomas,Kenny Florian,even,https://www.bestfightodds.com/events/ufc-fight-night-11-thomas-vs-florian-13
Din Thomas,BookMaker,1187757020000,+135,Din Thomas,Kenny Florian,even,https://www.bestfightodds.com/events/ufc-fight-night-11-thomas-vs-florian-13
Din Thomas,BookMaker,1190149212000,+150,Din Thomas,Kenny Florian,even,https://www.bestfightodds.com/events/ufc-fight-night-11-thomas-vs-florian-13
Din Thomas,BookMaker,1190174416000,+145,Din Thomas,Kenny Florian,even,https://www.bestfightodds.com/events/ufc-fight-night-11-thomas-vs-florian-13
Din Thomas,BookMaker,1190217609000,+155,Din Thomas,Kenny Florian,even,https://www.bestfightodds.com/events/ufc-fight-night-11-thomas-vs-florian-13
Din Thomas,BookMaker,1190230210000,+140,Din Thomas,Kenny Florian,even,https://www.bestfightodds.com/events/ufc-fight-night-11-thomas-vs-florian-13
Din Thomas,BookMaker,1190232018000,+125,Din Thomas,Kenny Florian,even,https://www.bestfightodds.com/events/ufc-fight-night-11-thomas-vs-florian-13
Din Thomas,BookMaker,1190253610000,+120,Din Thomas,Kenny Florian,even,https://www.bestfightodds.com/events/ufc-fight-night-11-thomas-vs-florian-13
Din Thomas,SportBet,1189382411000,+130,Din Thomas,Kenny Florian,even,https://www.bestfightodds.com/events/ufc-fight-night-11-thomas-vs-florian-13
Din Thomas,SportBet,1189688409000,+135,Din Thomas,Kenny Florian,even,https://www.bestfightodds.com/events/ufc-fight-night-11-thomas-vs-florian-13
Din Thomas,SportBet,1189740607000,+130,Din Thomas,Kenny Florian,even,https://www.bestfightodds.com/events/ufc-fight-night-11-thomas-vs-florian-13
Din Thomas,Bovada,1187420403000,+160,Din Thomas,Kenny Florian,even,https://www.bestfightodds.com/events/ufc-fight-night-11-thomas-vs-florian-13
Din Thomas,Bovada,1188646205000,+150,Din Thomas,Kenny Florian,even,https://www.bestfightodds.com/events/ufc-fight-night-11-thomas-vs-florian-13
Din Thomas,Bovada,1189314003000,+135,Din Thomas,Kenny Florian,even,https://www.bestfightodds.com/events/ufc-fight-night-11-thomas-vs-florian-13
Din Thomas,Sportsbook,1187420421000,+155,Din Thomas,Kenny Florian,even,https://www.bestfightodds.com/events/ufc-fight-night-11-thomas-vs-florian-13
Din Thomas,Sportsbook,1189072826000,+140,Din Thomas,Kenny Florian,even,https://www.bestfightodds.com/events/ufc-fight-night-11-thomas-vs-florian-13
Din Thomas,SportsInt.,1190169050000,+137,Din Thomas,Kenny Florian,even,https://www.bestfightodds.com/events/ufc-fight-night-11-thomas-vs-florian-13
Din Thomas,meanodds,1187420403000,+160,Din Thomas,Kenny Florian,even,https://www.bestfightodds.com/events/ufc-fight-night-11-thomas-vs-florian-13
Din Thomas,meanodds,1187420421000,+158,Din Thomas,Kenny Florian,even,https://www.bestfightodds.com/events/ufc-fight-night-11-thomas-vs-florian-13
Din Thomas,meanodds,1187559029000,+157,Din Thomas,Kenny Florian,even,https://www.bestfightodds.com/events/ufc-fight-night-11-thomas-vs-florian-13
Din Thomas,meanodds,1187611229000,+155,Din Thomas,Kenny Florian,even,https://www.bestfightodds.com/events/ufc-fight-night-11-thomas-vs-florian-13
Din Thomas,meanodds,1187757020000,+150,Din Thomas,Kenny Florian,even,https://www.bestfightodds.com/events/ufc-fight-night-11-thomas-vs-florian-13
Din Thomas,meanodds,1188646205000,+148,Din Thomas,Kenny Florian,even,https://www.bestfightodds.com/events/ufc-fight-night-11-thomas-vs-florian-13
Din Thomas,meanodds,1189072826000,+144,Din Thomas,Kenny Florian,even,https://www.bestfightodds.com/events/ufc-fight-night-11-thomas-vs-florian-13
Din Thomas,meanodds,1189294239000,+143,Din Thomas,Kenny Florian,even,https://www.bestfightodds.com/events/ufc-fight-night-11-thomas-vs-florian-13
Din Thomas,meanodds,1189314003000,+139,Din Thomas,Kenny Florian,even,https://www.bestfightodds.com/events/ufc-fight-night-11-thomas-vs-florian-13
Din Thomas,meanodds,1189382411000,+137,Din Thomas,Kenny Florian,even,https://www.bestfightodds.com/events/ufc-fight-night-11-thomas-vs-florian-13
Din Thomas,meanodds,1189425620000,+134,Din Thomas,Kenny Florian,even,https://www.bestfightodds.com/events/ufc-fight-night-11-thomas-vs-florian-13
Din Thomas,meanodds,1189445416000,+135,Din Thomas,Kenny Florian,even,https://www.bestfightodds.com/events/ufc-fight-night-11-thomas-vs-florian-13
Din Thomas,meanodds,1189463423000,+136,Din Thomas,Kenny Florian,even,https://www.bestfightodds.com/events/ufc-fight-night-11-thomas-vs-florian-13
Din Thomas,meanodds,1189688409000,+137,Din Thomas,Kenny Florian,even,https://www.bestfightodds.com/events/ufc-fight-night-11-thomas-vs-florian-13
Din Thomas,meanodds,1189740607000,+136,Din Thomas,Kenny Florian,even,https://www.bestfightodds.com/events/ufc-fight-night-11-thomas-vs-florian-13
Din Thomas,meanodds,1190149212000,+139,Din Thomas,Kenny Florian,even,https://www.bestfightodds.com/events/ufc-fight-night-11-thomas-vs-florian-13
Din Thomas,meanodds,1190169050000,+139,Din Thomas,Kenny Florian,even,https://www.bestfightodds.com/events/ufc-fight-night-11-thomas-vs-florian-13
Din Thomas,meanodds,1190174416000,+138,Din Thomas,Kenny Florian,even,https://www.bestfightodds.com/events/ufc-fight-night-11-thomas-vs-florian-13
Din Thomas,meanodds,1190185229000,+140,Din Thomas,Kenny Florian,even,https://www.bestfightodds.com/events/ufc-fight-night-11-thomas-vs-florian-13
Din Thomas,meanodds,1190194225000,+138,Din Thomas,Kenny Florian,even,https://www.bestfightodds.com/events/ufc-fight-night-11-thomas-vs-florian-13
Din Thomas,meanodds,1190217609000,+140,Din Thomas,Kenny Florian,even,https://www.bestfightodds.com/events/ufc-fight-night-11-thomas-vs-florian-13
Din Thomas,meanodds,1190230210000,+137,Din Thomas,Kenny Florian,even,https://www.bestfightodds.com/events/ufc-fight-night-11-thomas-vs-florian-13
Din Thomas,meanodds,1190232018000,+135,Din Thomas,Kenny Florian,even,https://www.bestfightodds.com/events/ufc-fight-night-11-thomas-vs-florian-13
Din Thomas,meanodds,1190253610000,+134,Din Thomas,Kenny Florian,even,https://www.bestfightodds.com/events/ufc-fight-night-11-thomas-vs-florian-13
Kenny Florian,5Dimes,1187559029000,-175,Din Thomas,Kenny Florian,odd,https://www.bestfightodds.com/events/ufc-fight-night-11-thomas-vs-florian-13
Kenny Florian,5Dimes,1187611229000,-170,Din Thomas,Kenny Florian,odd,https://www.bestfightodds.com/events/ufc-fight-night-11-thomas-vs-florian-13
Kenny Florian,5Dimes,1189294239000,-165,Din Thomas,Kenny Florian,odd,https://www.bestfightodds.com/events/ufc-fight-night-11-thomas-vs-florian-13
Kenny Florian,5Dimes,1189425620000,-150,Din Thomas,Kenny Florian,odd,https://www.bestfightodds.com/events/ufc-fight-night-11-thomas-vs-florian-13
Kenny Florian,5Dimes,1189445416000,-155,Din Thomas,Kenny Florian,odd,https://www.bestfightodds.com/events/ufc-fight-night-11-thomas-vs-florian-13
Kenny Florian,5Dimes,1189463423000,-160,Din Thomas,Kenny Florian,odd,https://www.bestfightodds.com/events/ufc-fight-night-11-thomas-vs-florian-13
Kenny Florian,5Dimes,1190185229000,-170,Din Thomas,Kenny Florian,odd,https://www.bestfightodds.com/events/ufc-fight-night-11-thomas-vs-florian-13
Kenny Florian,5Dimes,1190194225000,-160,Din Thomas,Kenny Florian,odd,https://www.bestfightodds.com/events/ufc-fight-night-11-thomas-vs-florian-13
Kenny Florian,BookMaker,1187757020000,-165,Din Thomas,Kenny Florian,odd,https://www.bestfightodds.com/events/ufc-fight-night-11-thomas-vs-florian-13
Kenny Florian,BookMaker,1190149212000,-180,Din Thomas,Kenny Florian,odd,https://www.bestfightodds.com/events/ufc-fight-night-11-thomas-vs-florian-13
Kenny Florian,BookMaker,1190174416000,-175,Din Thomas,Kenny Florian,odd,https://www.bestfightodds.com/events/ufc-fight-night-11-thomas-vs-florian-13
Kenny Florian,BookMaker,1190217609000,-185,Din Thomas,Kenny Florian,odd,https://www.bestfightodds.com/events/ufc-fight-night-11-thomas-vs-florian-13
Kenny Florian,BookMaker,1190230210000,-170,Din Thomas,Kenny Florian,odd,https://www.bestfightodds.com/events/ufc-fight-night-11-thomas-vs-florian-13
Kenny Florian,BookMaker,1190232018000,-155,Din Thomas,Kenny Florian,odd,https://www.bestfightodds.com/events/ufc-fight-night-11-thomas-vs-florian-13
Kenny Florian,BookMaker,1190253610000,-150,Din Thomas,Kenny Florian,odd,https://www.bestfightodds.com/events/ufc-fight-night-11-thomas-vs-florian-13
Kenny Florian,SportBet,1189382411000,-165,Din Thomas,Kenny Florian,odd,https://www.bestfightodds.com/events/ufc-fight-night-11-thomas-vs-florian-13
Kenny Florian,SportBet,1189688409000,-170,Din Thomas,Kenny Florian,odd,https://www.bestfightodds.com/events/ufc-fight-night-11-thomas-vs-florian-13
Kenny Florian,SportBet,1189740607000,-165,Din Thomas,Kenny Florian,odd,https://www.bestfightodds.com/events/ufc-fight-night-11-thomas-vs-florian-13
Kenny Florian,Bovada,1187420403000,-200,Din Thomas,Kenny Florian,odd,https://www.bestfightodds.com/events/ufc-fight-night-11-thomas-vs-florian-13
Kenny Florian,Bovada,1188646205000,-180,Din Thomas,Kenny Florian,odd,https://www.bestfightodds.com/events/ufc-fight-night-11-thomas-vs-florian-13
Kenny Florian,Bovada,1189314003000,-165,Din Thomas,Kenny Florian,odd,https://www.bestfightodds.com/events/ufc-fight-night-11-thomas-vs-florian-13
Kenny Florian,Sportsbook,1187420421000,-185,Din Thomas,Kenny Florian,odd,https://www.bestfightodds.com/events/ufc-fight-night-11-thomas-vs-florian-13
Kenny Florian,Sportsbook,1189072826000,-170,Din Thomas,Kenny Florian,odd,https://www.bestfightodds.com/events/ufc-fight-night-11-thomas-vs-florian-13
Kenny Florian,SportsInt.,1190169050000,-189,Din Thomas,Kenny Florian,odd,https://www.bestfightodds.com/events/ufc-fight-night-11-thomas-vs-florian-13
Kenny Florian,meanodds,1187420403000,-200,Din Thomas,Kenny Florian,odd,https://www.bestfightodds.com/events/ufc-fight-night-11-thomas-vs-florian-13
Kenny Florian,meanodds,1187420421000,-192,Din Thomas,Kenny Florian,odd,https://www.bestfightodds.com/events/ufc-fight-night-11-thomas-vs-florian-13
Kenny Florian,meanodds,1187559029000,-186,Din Thomas,Kenny Florian,odd,https://www.bestfightodds.com/events/ufc-fight-night-11-thomas-vs-florian-13
Kenny Florian,meanodds,1187611229000,-184,Din Thomas,Kenny Florian,odd,https://www.bestfightodds.com/events/ufc-fight-night-11-thomas-vs-florian-13
Kenny Florian,meanodds,1187757020000,-179,Din Thomas,Kenny Florian,odd,https://www.bestfightodds.com/events/ufc-fight-night-11-thomas-vs-florian-13
Kenny Florian,meanodds,1188646205000,-175,Din Thomas,Kenny Florian,odd,https://www.bestfightodds.com/events/ufc-fight-night-11-thomas-vs-florian-13
Kenny Florian,meanodds,1189072826000,-171,Din Thomas,Kenny Florian,odd,https://www.bestfightodds.com/events/ufc-fight-night-11-thomas-vs-florian-13
Kenny Florian,meanodds,1189294239000,-170,Din Thomas,Kenny Florian,odd,https://www.bestfightodds.com/events/ufc-fight-night-11-thomas-vs-florian-13
Kenny Florian,meanodds,1189314003000,-166,Din Thomas,Kenny Florian,odd,https://www.bestfightodds.com/events/ufc-fight-night-11-thomas-vs-florian-13
Kenny Florian,meanodds,1189382411000,-166,Din Thomas,Kenny Florian,odd,https://www.bestfightodds.com/events/ufc-fight-night-11-thomas-vs-florian-13
Kenny Florian,meanodds,1189425620000,-163,Din Thomas,Kenny Florian,odd,https://www.bestfightodds.com/events/ufc-fight-night-11-thomas-vs-florian-13
Kenny Florian,meanodds,1189445416000,-164,Din Thomas,Kenny Florian,odd,https://www.bestfightodds.com/events/ufc-fight-night-11-thomas-vs-florian-13
Kenny Florian,meanodds,1189463423000,-165,Din Thomas,Kenny Florian,odd,https://www.bestfightodds.com/events/ufc-fight-night-11-thomas-vs-florian-13
Kenny Florian,meanodds,1189688409000,-166,Din Thomas,Kenny Florian,odd,https://www.bestfightodds.com/events/ufc-fight-night-11-thomas-vs-florian-13
Kenny Florian,meanodds,1189740607000,-165,Din Thomas,Kenny Florian,odd,https://www.bestfightodds.com/events/ufc-fight-night-11-thomas-vs-florian-13
Kenny Florian,meanodds,1190149212000,-168,Din Thomas,Kenny Florian,odd,https://www.bestfightodds.com/events/ufc-fight-night-11-thomas-vs-florian-13
Kenny Florian,meanodds,1190169050000,-171,Din Thomas,Kenny Florian,odd,https://www.bestfightodds.com/events/ufc-fight-night-11-thomas-vs-florian-13
Kenny Florian,meanodds,1190174416000,-170,Din Thomas,Kenny Florian,odd,https://www.bestfightodds.com/events/ufc-fight-night-11-thomas-vs-florian-13
Kenny Florian,meanodds,1190185229000,-172,Din Thomas,Kenny Florian,odd,https://www.bestfightodds.com/events/ufc-fight-night-11-thomas-vs-florian-13
Kenny Florian,meanodds,1190194225000,-170,Din Thomas,Kenny Florian,odd,https://www.bestfightodds.com/events/ufc-fight-night-11-thomas-vs-florian-13
Kenny Florian,meanodds,1190217609000,-172,Din Thomas,Kenny Florian,odd,https://www.bestfightodds.com/events/ufc-fight-night-11-thomas-vs-florian-13
Kenny Florian,meanodds,1190230210000,-169,Din Thomas,Kenny Florian,odd,https://www.bestfightodds.com/events/ufc-fight-night-11-thomas-vs-florian-13
Kenny Florian,meanodds,1190232018000,-167,Din Thomas,Kenny Florian,odd,https://www.bestfightodds.com/events/ufc-fight-night-11-thomas-vs-florian-13
Kenny Florian,meanodds,1190253610000,-166,Din Thomas,Kenny Florian,odd,https://www.bestfightodds.com/events/ufc-fight-night-11-thomas-vs-florian-13
Kuniyoshi Hironaka,5Dimes,1184252889000,+125,Kuniyoshi Hironaka,Thiago Alves,even,https://www.bestfightodds.com/events/ufc-fight-night-11-thomas-vs-florian-13
Kuniyoshi Hironaka,5Dimes,1184545822000,+155,Kuniyoshi Hironaka,Thiago Alves,even,https://www.bestfightodds.com/events/ufc-fight-night-11-thomas-vs-florian-13
Kuniyoshi Hironaka,5Dimes,1184657421000,+160,Kuniyoshi Hironaka,Thiago Alves,even,https://www.bestfightodds.com/events/ufc-fight-night-11-thomas-vs-florian-13
Kuniyoshi Hironaka,5Dimes,1186246830000,+165,Kuniyoshi Hironaka,Thiago Alves,even,https://www.bestfightodds.com/events/ufc-fight-night-11-thomas-vs-florian-13
Kuniyoshi Hironaka,5Dimes,1187460031000,+180,Kuniyoshi Hironaka,Thiago Alves,even,https://www.bestfightodds.com/events/ufc-fight-night-11-thomas-vs-florian-13
Kuniyoshi Hironaka,5Dimes,1187557231000,+185,Kuniyoshi Hironaka,Thiago Alves,even,https://www.bestfightodds.com/events/ufc-fight-night-11-thomas-vs-florian-13
Kuniyoshi Hironaka,5Dimes,1189990819000,+175,Kuniyoshi Hironaka,Thiago Alves,even,https://www.bestfightodds.com/events/ufc-fight-night-11-thomas-vs-florian-13
Kuniyoshi Hironaka,5Dimes,1190028615000,+180,Kuniyoshi Hironaka,Thiago Alves,even,https://www.bestfightodds.com/events/ufc-fight-night-11-thomas-vs-florian-13
Kuniyoshi Hironaka,5Dimes,1190210425000,+190,Kuniyoshi Hironaka,Thiago Alves,even,https://www.bestfightodds.com/events/ufc-fight-night-11-thomas-vs-florian-13
Kuniyoshi Hironaka,5Dimes,1190230240000,+180,Kuniyoshi Hironaka,Thiago Alves,even,https://www.bestfightodds.com/events/ufc-fight-night-11-thomas-vs-florian-13
Kuniyoshi Hironaka,5Dimes,1190237462000,+190,Kuniyoshi Hironaka,Thiago Alves,even,https://www.bestfightodds.com/events/ufc-fight-night-11-thomas-vs-florian-13
Kuniyoshi Hironaka,BookMaker,1184608818000,+160,Kuniyoshi Hironaka,Thiago Alves,even,https://www.bestfightodds.com/events/ufc-fight-night-11-thomas-vs-florian-13
Kuniyoshi Hironaka,BookMaker,1186444056000,+170,Kuniyoshi Hironaka,Thiago Alves,even,https://www.bestfightodds.com/events/ufc-fight-night-11-thomas-vs-florian-13
Kuniyoshi Hironaka,BookMaker,1189738812000,+190,Kuniyoshi Hironaka,Thiago Alves,even,https://www.bestfightodds.com/events/ufc-fight-night-11-thomas-vs-florian-13
Kuniyoshi Hironaka,BookMaker,1190223010000,+200,Kuniyoshi Hironaka,Thiago Alves,even,https://www.bestfightodds.com/events/ufc-fight-night-11-thomas-vs-florian-13
Kuniyoshi Hironaka,SportBet,1189382411000,+160,Kuniyoshi Hironaka,Thiago Alves,even,https://www.bestfightodds.com/events/ufc-fight-night-11-thomas-vs-florian-13
Kuniyoshi Hironaka,SportBet,1189740607000,+180,Kuniyoshi Hironaka,Thiago Alves,even,https://www.bestfightodds.com/events/ufc-fight-night-11-thomas-vs-florian-13
Kuniyoshi Hironaka,SportBet,1190246407000,+190,Kuniyoshi Hironaka,Thiago Alves,even,https://www.bestfightodds.com/events/ufc-fight-night-11-thomas-vs-florian-13
Kuniyoshi Hironaka,Bovada,1187409604000,+190,Kuniyoshi Hironaka,Thiago Alves,even,https://www.bestfightodds.com/events/ufc-fight-night-11-thomas-vs-florian-13
Kuniyoshi Hironaka,Bovada,1187978403000,+200,Kuniyoshi Hironaka,Thiago Alves,even,https://www.bestfightodds.com/events/ufc-fight-night-11-thomas-vs-florian-13
Kuniyoshi Hironaka,Bovada,1188644407000,+180,Kuniyoshi Hironaka,Thiago Alves,even,https://www.bestfightodds.com/events/ufc-fight-night-11-thomas-vs-florian-13
Kuniyoshi Hironaka,Sportsbook,1187404219000,+200,Kuniyoshi Hironaka,Thiago Alves,even,https://www.bestfightodds.com/events/ufc-fight-night-11-thomas-vs-florian-13
Kuniyoshi Hironaka,Sportsbook,1189072825000,+185,Kuniyoshi Hironaka,Thiago Alves,even,https://www.bestfightodds.com/events/ufc-fight-night-11-thomas-vs-florian-13
Kuniyoshi Hironaka,SportsInt.,1190169086000,+175,Kuniyoshi Hironaka,Thiago Alves,even,https://www.bestfightodds.com/events/ufc-fight-night-11-thomas-vs-florian-13
Kuniyoshi Hironaka,meanodds,1184252889000,+125,Kuniyoshi Hironaka,Thiago Alves,even,https://www.bestfightodds.com/events/ufc-fight-night-11-thomas-vs-florian-13
Kuniyoshi Hironaka,meanodds,1184545822000,+155,Kuniyoshi Hironaka,Thiago Alves,even,https://www.bestfightodds.com/events/ufc-fight-night-11-thomas-vs-florian-13
Kuniyoshi Hironaka,meanodds,1184608818000,+158,Kuniyoshi Hironaka,Thiago Alves,even,https://www.bestfightodds.com/events/ufc-fight-night-11-thomas-vs-florian-13
Kuniyoshi Hironaka,meanodds,1184657421000,+160,Kuniyoshi Hironaka,Thiago Alves,even,https://www.bestfightodds.com/events/ufc-fight-night-11-thomas-vs-florian-13
Kuniyoshi Hironaka,meanodds,1186246830000,+163,Kuniyoshi Hironaka,Thiago Alves,even,https://www.bestfightodds.com/events/ufc-fight-night-11-thomas-vs-florian-13
Kuniyoshi Hironaka,meanodds,1186444056000,+168,Kuniyoshi Hironaka,Thiago Alves,even,https://www.bestfightodds.com/events/ufc-fight-night-11-thomas-vs-florian-13
Kuniyoshi Hironaka,meanodds,1187404219000,+178,Kuniyoshi Hironaka,Thiago Alves,even,https://www.bestfightodds.com/events/ufc-fight-night-11-thomas-vs-florian-13
Kuniyoshi Hironaka,meanodds,1187409604000,+181,Kuniyoshi Hironaka,Thiago Alves,even,https://www.bestfightodds.com/events/ufc-fight-night-11-thomas-vs-florian-13
Kuniyoshi Hironaka,meanodds,1187460031000,+185,Kuniyoshi Hironaka,Thiago Alves,even,https://www.bestfightodds.com/events/ufc-fight-night-11-thomas-vs-florian-13
Kuniyoshi Hironaka,meanodds,1187557231000,+186,Kuniyoshi Hironaka,Thiago Alves,even,https://www.bestfightodds.com/events/ufc-fight-night-11-thomas-vs-florian-13
Kuniyoshi Hironaka,meanodds,1187978403000,+189,Kuniyoshi Hironaka,Thiago Alves,even,https://www.bestfightodds.com/events/ufc-fight-night-11-thomas-vs-florian-13
Kuniyoshi Hironaka,meanodds,1188644407000,+184,Kuniyoshi Hironaka,Thiago Alves,even,https://www.bestfightodds.com/events/ufc-fight-night-11-thomas-vs-florian-13
Kuniyoshi Hironaka,meanodds,1189072825000,+180,Kuniyoshi Hironaka,Thiago Alves,even,https://www.bestfightodds.com/events/ufc-fight-night-11-thomas-vs-florian-13
Kuniyoshi Hironaka,meanodds,1189382411000,+176,Kuniyoshi Hironaka,Thiago Alves,even,https://www.bestfightodds.com/events/ufc-fight-night-11-thomas-vs-florian-13
Kuniyoshi Hironaka,meanodds,1189738812000,+180,Kuniyoshi Hironaka,Thiago Alves,even,https://www.bestfightodds.com/events/ufc-fight-night-11-thomas-vs-florian-13
Kuniyoshi Hironaka,meanodds,1189740607000,+184,Kuniyoshi Hironaka,Thiago Alves,even,https://www.bestfightodds.com/events/ufc-fight-night-11-thomas-vs-florian-13
Kuniyoshi Hironaka,meanodds,1189990819000,+182,Kuniyoshi Hironaka,Thiago Alves,even,https://www.bestfightodds.com/events/ufc-fight-night-11-thomas-vs-florian-13
Kuniyoshi Hironaka,meanodds,1190028615000,+183,Kuniyoshi Hironaka,Thiago Alves,even,https://www.bestfightodds.com/events/ufc-fight-night-11-thomas-vs-florian-13
Kuniyoshi Hironaka,meanodds,1190169086000,+182,Kuniyoshi Hironaka,Thiago Alves,even,https://www.bestfightodds.com/events/ufc-fight-night-11-thomas-vs-florian-13
Kuniyoshi Hironaka,meanodds,1190210425000,+183,Kuniyoshi Hironaka,Thiago Alves,even,https://www.bestfightodds.com/events/ufc-fight-night-11-thomas-vs-florian-13
Kuniyoshi Hironaka,meanodds,1190223010000,+185,Kuniyoshi Hironaka,Thiago Alves,even,https://www.bestfightodds.com/events/ufc-fight-night-11-thomas-vs-florian-13
Kuniyoshi Hironaka,meanodds,1190230240000,+183,Kuniyoshi Hironaka,Thiago Alves,even,https://www.bestfightodds.com/events/ufc-fight-night-11-thomas-vs-florian-13
Kuniyoshi Hironaka,meanodds,1190237462000,+185,Kuniyoshi Hironaka,Thiago Alves,even,https://www.bestfightodds.com/events/ufc-fight-night-11-thomas-vs-florian-13
Kuniyoshi Hironaka,meanodds,1190246407000,+187,Kuniyoshi Hironaka,Thiago Alves,even,https://www.bestfightodds.com/events/ufc-fight-night-11-thomas-vs-florian-13
Thiago Alves,5Dimes,1184252889000,-165,Kuniyoshi Hironaka,Thiago Alves,odd,https://www.bestfightodds.com/events/ufc-fight-night-11-thomas-vs-florian-13
Thiago Alves,5Dimes,1184545822000,-195,Kuniyoshi Hironaka,Thiago Alves,odd,https://www.bestfightodds.com/events/ufc-fight-night-11-thomas-vs-florian-13
Thiago Alves,5Dimes,1184657421000,-195,Kuniyoshi Hironaka,Thiago Alves,odd,https://www.bestfightodds.com/events/ufc-fight-night-11-thomas-vs-florian-13
Thiago Alves,5Dimes,1186246830000,-205,Kuniyoshi Hironaka,Thiago Alves,odd,https://www.bestfightodds.com/events/ufc-fight-night-11-thomas-vs-florian-13
Thiago Alves,5Dimes,1187460031000,-240,Kuniyoshi Hironaka,Thiago Alves,odd,https://www.bestfightodds.com/events/ufc-fight-night-11-thomas-vs-florian-13
Thiago Alves,5Dimes,1187557231000,-225,Kuniyoshi Hironaka,Thiago Alves,odd,https://www.bestfightodds.com/events/ufc-fight-night-11-thomas-vs-florian-13
Thiago Alves,5Dimes,1189990819000,-210,Kuniyoshi Hironaka,Thiago Alves,odd,https://www.bestfightodds.com/events/ufc-fight-night-11-thomas-vs-florian-13
Thiago Alves,5Dimes,1190028615000,-220,Kuniyoshi Hironaka,Thiago Alves,odd,https://www.bestfightodds.com/events/ufc-fight-night-11-thomas-vs-florian-13
Thiago Alves,5Dimes,1190210425000,-230,Kuniyoshi Hironaka,Thiago Alves,odd,https://www.bestfightodds.com/events/ufc-fight-night-11-thomas-vs-florian-13
Thiago Alves,5Dimes,1190230240000,-220,Kuniyoshi Hironaka,Thiago Alves,odd,https://www.bestfightodds.com/events/ufc-fight-night-11-thomas-vs-florian-13
Thiago Alves,5Dimes,1190237462000,-230,Kuniyoshi Hironaka,Thiago Alves,odd,https://www.bestfightodds.com/events/ufc-fight-night-11-thomas-vs-florian-13
Thiago Alves,BookMaker,1184608818000,-200,Kuniyoshi Hironaka,Thiago Alves,odd,https://www.bestfightodds.com/events/ufc-fight-night-11-thomas-vs-florian-13
Thiago Alves,BookMaker,1186444056000,-210,Kuniyoshi Hironaka,Thiago Alves,odd,https://www.bestfightodds.com/events/ufc-fight-night-11-thomas-vs-florian-13
Thiago Alves,BookMaker,1189738812000,-230,Kuniyoshi Hironaka,Thiago Alves,odd,https://www.bestfightodds.com/events/ufc-fight-night-11-thomas-vs-florian-13
Thiago Alves,BookMaker,1190223010000,-250,Kuniyoshi Hironaka,Thiago Alves,odd,https://www.bestfightodds.com/events/ufc-fight-night-11-thomas-vs-florian-13
Thiago Alves,SportBet,1189382411000,-210,Kuniyoshi Hironaka,Thiago Alves,odd,https://www.bestfightodds.com/events/ufc-fight-night-11-thomas-vs-florian-13
Thiago Alves,SportBet,1189740607000,-230,Kuniyoshi Hironaka,Thiago Alves,odd,https://www.bestfightodds.com/events/ufc-fight-night-11-thomas-vs-florian-13
Thiago Alves,SportBet,1190246407000,-250,Kuniyoshi Hironaka,Thiago Alves,odd,https://www.bestfightodds.com/events/ufc-fight-night-11-thomas-vs-florian-13
Thiago Alves,Bovada,1187409604000,-240,Kuniyoshi Hironaka,Thiago Alves,odd,https://www.bestfightodds.com/events/ufc-fight-night-11-thomas-vs-florian-13
Thiago Alves,Bovada,1187978403000,-260,Kuniyoshi Hironaka,Thiago Alves,odd,https://www.bestfightodds.com/events/ufc-fight-night-11-thomas-vs-florian-13
Thiago Alves,Bovada,1188644407000,-220,Kuniyoshi Hironaka,Thiago Alves,odd,https://www.bestfightodds.com/events/ufc-fight-night-11-thomas-vs-florian-13
Thiago Alves,Sportsbook,1187404219000,-260,Kuniyoshi Hironaka,Thiago Alves,odd,https://www.bestfightodds.com/events/ufc-fight-night-11-thomas-vs-florian-13
Thiago Alves,Sportsbook,1189072825000,-225,Kuniyoshi Hironaka,Thiago Alves,odd,https://www.bestfightodds.com/events/ufc-fight-night-11-thomas-vs-florian-13
Thiago Alves,SportsInt.,1190169086000,-250,Kuniyoshi Hironaka,Thiago Alves,odd,https://www.bestfightodds.com/events/ufc-fight-night-11-thomas-vs-florian-13
Thiago Alves,meanodds,1184252889000,-165,Kuniyoshi Hironaka,Thiago Alves,odd,https://www.bestfightodds.com/events/ufc-fight-night-11-thomas-vs-florian-13
Thiago Alves,meanodds,1184545822000,-195,Kuniyoshi Hironaka,Thiago Alves,odd,https://www.bestfightodds.com/events/ufc-fight-night-11-thomas-vs-florian-13
Thiago Alves,meanodds,1184608818000,-197,Kuniyoshi Hironaka,Thiago Alves,odd,https://www.bestfightodds.com/events/ufc-fight-night-11-thomas-vs-florian-13
Thiago Alves,meanodds,1184657421000,-197,Kuniyoshi Hironaka,Thiago Alves,odd,https://www.bestfightodds.com/events/ufc-fight-night-11-thomas-vs-florian-13
Thiago Alves,meanodds,1186246830000,-202,Kuniyoshi Hironaka,Thiago Alves,odd,https://www.bestfightodds.com/events/ufc-fight-night-11-thomas-vs-florian-13
Thiago Alves,meanodds,1186444056000,-207,Kuniyoshi Hironaka,Thiago Alves,odd,https://www.bestfightodds.com/events/ufc-fight-night-11-thomas-vs-florian-13
Thiago Alves,meanodds,1187404219000,-222,Kuniyoshi Hironaka,Thiago Alves,odd,https://www.bestfightodds.com/events/ufc-fight-night-11-thomas-vs-florian-13
Thiago Alves,meanodds,1187409604000,-227,Kuniyoshi Hironaka,Thiago Alves,odd,https://www.bestfightodds.com/events/ufc-fight-night-11-thomas-vs-florian-13
Thiago Alves,meanodds,1187460031000,-236,Kuniyoshi Hironaka,Thiago Alves,odd,https://www.bestfightodds.com/events/ufc-fight-night-11-thomas-vs-florian-13
Thiago Alves,meanodds,1187557231000,-232,Kuniyoshi Hironaka,Thiago Alves,odd,https://www.bestfightodds.com/events/ufc-fight-night-11-thomas-vs-florian-13
Thiago Alves,meanodds,1187978403000,-237,Kuniyoshi Hironaka,Thiago Alves,odd,https://www.bestfightodds.com/events/ufc-fight-night-11-thomas-vs-florian-13
Thiago Alves,meanodds,1188644407000,-227,Kuniyoshi Hironaka,Thiago Alves,odd,https://www.bestfightodds.com/events/ufc-fight-night-11-thomas-vs-florian-13
Thiago Alves,meanodds,1189072825000,-220,Kuniyoshi Hironaka,Thiago Alves,odd,https://www.bestfightodds.com/events/ufc-fight-night-11-thomas-vs-florian-13
Thiago Alves,meanodds,1189382411000,-218,Kuniyoshi Hironaka,Thiago Alves,odd,https://www.bestfightodds.com/events/ufc-fight-night-11-thomas-vs-florian-13
Thiago Alves,meanodds,1189738812000,-222,Kuniyoshi Hironaka,Thiago Alves,odd,https://www.bestfightodds.com/events/ufc-fight-night-11-thomas-vs-florian-13
Thiago Alves,meanodds,1189740607000,-226,Kuniyoshi Hironaka,Thiago Alves,odd,https://www.bestfightodds.com/events/ufc-fight-night-11-thomas-vs-florian-13
Thiago Alves,meanodds,1189990819000,-223,Kuniyoshi Hironaka,Thiago Alves,odd,https://www.bestfightodds.com/events/ufc-fight-night-11-thomas-vs-florian-13
Thiago Alves,meanodds,1190028615000,-225,Kuniyoshi Hironaka,Thiago Alves,odd,https://www.bestfightodds.com/events/ufc-fight-night-11-thomas-vs-florian-13
Thiago Alves,meanodds,1190169086000,-229,Kuniyoshi Hironaka,Thiago Alves,odd,https://www.bestfightodds.com/events/ufc-fight-night-11-thomas-vs-florian-13
Thiago Alves,meanodds,1190210425000,-230,Kuniyoshi Hironaka,Thiago Alves,odd,https://www.bestfightodds.com/events/ufc-fight-night-11-thomas-vs-florian-13
Thiago Alves,meanodds,1190223010000,-234,Kuniyoshi Hironaka,Thiago Alves,odd,https://www.bestfightodds.com/events/ufc-fight-night-11-thomas-vs-florian-13
Thiago Alves,meanodds,1190230240000,-232,Kuniyoshi Hironaka,Thiago Alves,odd,https://www.bestfightodds.com/events/ufc-fight-night-11-thomas-vs-florian-13
Thiago Alves,meanodds,1190237462000,-234,Kuniyoshi Hironaka,Thiago Alves,odd,https://www.bestfightodds.com/events/ufc-fight-night-11-thomas-vs-florian-13
Thiago Alves,meanodds,1190246407000,-237,Kuniyoshi Hironaka,Thiago Alves,odd,https://www.bestfightodds.com/events/ufc-fight-night-11-thomas-vs-florian-13
Nate Quarry,5Dimes,1187472638000,-360,Nate Quarry,Pete Sell,even,https://www.bestfightodds.com/events/ufc-fight-night-11-thomas-vs-florian-13
Nate Quarry,5Dimes,1187611229000,-310,Nate Quarry,Pete Sell,even,https://www.bestfightodds.com/events/ufc-fight-night-11-thomas-vs-florian-13
Nate Quarry,5Dimes,1189018840000,-320,Nate Quarry,Pete Sell,even,https://www.bestfightodds.com/events/ufc-fight-night-11-thomas-vs-florian-13
Nate Quarry,5Dimes,1189294239000,-300,Nate Quarry,Pete Sell,even,https://www.bestfightodds.com/events/ufc-fight-night-11-thomas-vs-florian-13
Nate Quarry,5Dimes,1189445416000,-265,Nate Quarry,Pete Sell,even,https://www.bestfightodds.com/events/ufc-fight-night-11-thomas-vs-florian-13
Nate Quarry,5Dimes,1189688428000,-260,Nate Quarry,Pete Sell,even,https://www.bestfightodds.com/events/ufc-fight-night-11-thomas-vs-florian-13
Nate Quarry,5Dimes,1189990820000,-220,Nate Quarry,Pete Sell,even,https://www.bestfightodds.com/events/ufc-fight-night-11-thomas-vs-florian-13
Nate Quarry,5Dimes,1190028615000,-230,Nate Quarry,Pete Sell,even,https://www.bestfightodds.com/events/ufc-fight-night-11-thomas-vs-florian-13
Nate Quarry,5Dimes,1190223031000,-220,Nate Quarry,Pete Sell,even,https://www.bestfightodds.com/events/ufc-fight-night-11-thomas-vs-florian-13
Nate Quarry,BookMaker,1187757020000,-285,Nate Quarry,Pete Sell,even,https://www.bestfightodds.com/events/ufc-fight-night-11-thomas-vs-florian-13
Nate Quarry,BookMaker,1189738812000,-265,Nate Quarry,Pete Sell,even,https://www.bestfightodds.com/events/ufc-fight-night-11-thomas-vs-florian-13
Nate Quarry,BookMaker,1189818013000,-260,Nate Quarry,Pete Sell,even,https://www.bestfightodds.com/events/ufc-fight-night-11-thomas-vs-florian-13
Nate Quarry,BookMaker,1189904415000,-225,Nate Quarry,Pete Sell,even,https://www.bestfightodds.com/events/ufc-fight-night-11-thomas-vs-florian-13
Nate Quarry,BookMaker,1190253610000,-210,Nate Quarry,Pete Sell,even,https://www.bestfightodds.com/events/ufc-fight-night-11-thomas-vs-florian-13
Nate Quarry,SportBet,1189382411000,-285,Nate Quarry,Pete Sell,even,https://www.bestfightodds.com/events/ufc-fight-night-11-thomas-vs-florian-13
Nate Quarry,SportBet,1189688409000,-290,Nate Quarry,Pete Sell,even,https://www.bestfightodds.com/events/ufc-fight-night-11-thomas-vs-florian-13
Nate Quarry,SportBet,1189740607000,-265,Nate Quarry,Pete Sell,even,https://www.bestfightodds.com/events/ufc-fight-night-11-thomas-vs-florian-13
Nate Quarry,SportBet,1189769410000,-270,Nate Quarry,Pete Sell,even,https://www.bestfightodds.com/events/ufc-fight-night-11-thomas-vs-florian-13
Nate Quarry,SportBet,1190248207000,-230,Nate Quarry,Pete Sell,even,https://www.bestfightodds.com/events/ufc-fight-night-11-thomas-vs-florian-13
Nate Quarry,SportBet,1190250009000,-255,Nate Quarry,Pete Sell,even,https://www.bestfightodds.com/events/ufc-fight-night-11-thomas-vs-florian-13
Nate Quarry,Bovada,1187409604000,-330,Nate Quarry,Pete Sell,even,https://www.bestfightodds.com/events/ufc-fight-night-11-thomas-vs-florian-13
Nate Quarry,Bovada,1187652604000,-295,Nate Quarry,Pete Sell,even,https://www.bestfightodds.com/events/ufc-fight-night-11-thomas-vs-florian-13
Nate Quarry,Bovada,1187978403000,-325,Nate Quarry,Pete Sell,even,https://www.bestfightodds.com/events/ufc-fight-night-11-thomas-vs-florian-13
Nate Quarry,Bovada,1188646205000,-280,Nate Quarry,Pete Sell,even,https://www.bestfightodds.com/events/ufc-fight-night-11-thomas-vs-florian-13
Nate Quarry,Bovada,1188957603000,-275,Nate Quarry,Pete Sell,even,https://www.bestfightodds.com/events/ufc-fight-night-11-thomas-vs-florian-13
Nate Quarry,Bovada,1189112403000,-260,Nate Quarry,Pete Sell,even,https://www.bestfightodds.com/events/ufc-fight-night-11-thomas-vs-florian-13
Nate Quarry,Bovada,1190084402000,-225,Nate Quarry,Pete Sell,even,https://www.bestfightodds.com/events/ufc-fight-night-11-thomas-vs-florian-13
Nate Quarry,Sportsbook,1187404219000,-450,Nate Quarry,Pete Sell,even,https://www.bestfightodds.com/events/ufc-fight-night-11-thomas-vs-florian-13
Nate Quarry,Sportsbook,1187407824000,-350,Nate Quarry,Pete Sell,even,https://www.bestfightodds.com/events/ufc-fight-night-11-thomas-vs-florian-13
Nate Quarry,Sportsbook,1187573417000,-325,Nate Quarry,Pete Sell,even,https://www.bestfightodds.com/events/ufc-fight-night-11-thomas-vs-florian-13
Nate Quarry,Sportsbook,1188644426000,-295,Nate Quarry,Pete Sell,even,https://www.bestfightodds.com/events/ufc-fight-night-11-thomas-vs-florian-13
Nate Quarry,Sportsbook,1188957624000,-270,Nate Quarry,Pete Sell,even,https://www.bestfightodds.com/events/ufc-fight-night-11-thomas-vs-florian-13
Nate Quarry,Sportsbook,1189114223000,-265,Nate Quarry,Pete Sell,even,https://www.bestfightodds.com/events/ufc-fight-night-11-thomas-vs-florian-13
Nate Quarry,Sportsbook,1190163617000,-210,Nate Quarry,Pete Sell,even,https://www.bestfightodds.com/events/ufc-fight-night-11-thomas-vs-florian-13
Nate Quarry,Sportsbook,1190241030000,-205,Nate Quarry,Pete Sell,even,https://www.bestfightodds.com/events/ufc-fight-night-11-thomas-vs-florian-13
Nate Quarry,SportsInt.,1190169118000,-278,Nate Quarry,Pete Sell,even,https://www.bestfightodds.com/events/ufc-fight-night-11-thomas-vs-florian-13
Nate Quarry,meanodds,1187404219000,-450,Nate Quarry,Pete Sell,even,https://www.bestfightodds.com/events/ufc-fight-night-11-thomas-vs-florian-13
Nate Quarry,meanodds,1187407824000,-350,Nate Quarry,Pete Sell,even,https://www.bestfightodds.com/events/ufc-fight-night-11-thomas-vs-florian-13
Nate Quarry,meanodds,1187409604000,-340,Nate Quarry,Pete Sell,even,https://www.bestfightodds.com/events/ufc-fight-night-11-thomas-vs-florian-13
Nate Quarry,meanodds,1187472638000,-346,Nate Quarry,Pete Sell,even,https://www.bestfightodds.com/events/ufc-fight-night-11-thomas-vs-florian-13
Nate Quarry,meanodds,1187573417000,-338,Nate Quarry,Pete Sell,even,https://www.bestfightodds.com/events/ufc-fight-night-11-thomas-vs-florian-13
Nate Quarry,meanodds,1187611229000,-321,Nate Quarry,Pete Sell,even,https://www.bestfightodds.com/events/ufc-fight-night-11-thomas-vs-florian-13
Nate Quarry,meanodds,1187652604000,-310,Nate Quarry,Pete Sell,even,https://www.bestfightodds.com/events/ufc-fight-night-11-thomas-vs-florian-13
Nate Quarry,meanodds,1187757020000,-303,Nate Quarry,Pete Sell,even,https://www.bestfightodds.com/events/ufc-fight-night-11-thomas-vs-florian-13
Nate Quarry,meanodds,1187978403000,-310,Nate Quarry,Pete Sell,even,https://www.bestfightodds.com/events/ufc-fight-night-11-thomas-vs-florian-13
Nate Quarry,meanodds,1188644426000,-303,Nate Quarry,Pete Sell,even,https://www.bestfightodds.com/events/ufc-fight-night-11-thomas-vs-florian-13
Nate Quarry,meanodds,1188646205000,-292,Nate Quarry,Pete Sell,even,https://www.bestfightodds.com/events/ufc-fight-night-11-thomas-vs-florian-13
Nate Quarry,meanodds,1188957603000,-291,Nate Quarry,Pete Sell,even,https://www.bestfightodds.com/events/ufc-fight-night-11-thomas-vs-florian-13
Nate Quarry,meanodds,1188957624000,-284,Nate Quarry,Pete Sell,even,https://www.bestfightodds.com/events/ufc-fight-night-11-thomas-vs-florian-13
Nate Quarry,meanodds,1189018840000,-286,Nate Quarry,Pete Sell,even,https://www.bestfightodds.com/events/ufc-fight-night-11-thomas-vs-florian-13
Nate Quarry,meanodds,1189112403000,-282,Nate Quarry,Pete Sell,even,https://www.bestfightodds.com/events/ufc-fight-night-11-thomas-vs-florian-13
Nate Quarry,meanodds,1189114223000,-281,Nate Quarry,Pete Sell,even,https://www.bestfightodds.com/events/ufc-fight-night-11-thomas-vs-florian-13
Nate Quarry,meanodds,1189294239000,-277,Nate Quarry,Pete Sell,even,https://www.bestfightodds.com/events/ufc-fight-night-11-thomas-vs-florian-13
Nate Quarry,meanodds,1189382411000,-278,Nate Quarry,Pete Sell,even,https://www.bestfightodds.com/events/ufc-fight-night-11-thomas-vs-florian-13
Nate Quarry,meanodds,1189445416000,-272,Nate Quarry,Pete Sell,even,https://www.bestfightodds.com/events/ufc-fight-night-11-thomas-vs-florian-13
Nate Quarry,meanodds,1189688409000,-272,Nate Quarry,Pete Sell,even,https://www.bestfightodds.com/events/ufc-fight-night-11-thomas-vs-florian-13
Nate Quarry,meanodds,1189688428000,-271,Nate Quarry,Pete Sell,even,https://www.bestfightodds.com/events/ufc-fight-night-11-thomas-vs-florian-13
Nate Quarry,meanodds,1189738812000,-268,Nate Quarry,Pete Sell,even,https://www.bestfightodds.com/events/ufc-fight-night-11-thomas-vs-florian-13
Nate Quarry,meanodds,1189740607000,-263,Nate Quarry,Pete Sell,even,https://www.bestfightodds.com/events/ufc-fight-night-11-thomas-vs-florian-13
Nate Quarry,meanodds,1189769410000,-264,Nate Quarry,Pete Sell,even,https://www.bestfightodds.com/events/ufc-fight-night-11-thomas-vs-florian-13
Nate Quarry,meanodds,1189818013000,-263,Nate Quarry,Pete Sell,even,https://www.bestfightodds.com/events/ufc-fight-night-11-thomas-vs-florian-13
Nate Quarry,meanodds,1189904415000,-255,Nate Quarry,Pete Sell,even,https://www.bestfightodds.com/events/ufc-fight-night-11-thomas-vs-florian-13
Nate Quarry,meanodds,1189990820000,-246,Nate Quarry,Pete Sell,even,https://www.bestfightodds.com/events/ufc-fight-night-11-thomas-vs-florian-13
Nate Quarry,meanodds,1190028615000,-249,Nate Quarry,Pete Sell,even,https://www.bestfightodds.com/events/ufc-fight-night-11-thomas-vs-florian-13
Nate Quarry,meanodds,1190084402000,-241,Nate Quarry,Pete Sell,even,https://www.bestfightodds.com/events/ufc-fight-night-11-thomas-vs-florian-13
Nate Quarry,meanodds,1190163617000,-230,Nate Quarry,Pete Sell,even,https://www.bestfightodds.com/events/ufc-fight-night-11-thomas-vs-florian-13
Nate Quarry,meanodds,1190169118000,-237,Nate Quarry,Pete Sell,even,https://www.bestfightodds.com/events/ufc-fight-night-11-thomas-vs-florian-13
Nate Quarry,meanodds,1190223031000,-235,Nate Quarry,Pete Sell,even,https://www.bestfightodds.com/events/ufc-fight-night-11-thomas-vs-florian-13
Nate Quarry,meanodds,1190241030000,-234,Nate Quarry,Pete Sell,even,https://www.bestfightodds.com/events/ufc-fight-night-11-thomas-vs-florian-13
Nate Quarry,meanodds,1190248207000,-229,Nate Quarry,Pete Sell,even,https://www.bestfightodds.com/events/ufc-fight-night-11-thomas-vs-florian-13
Nate Quarry,meanodds,1190250009000,-232,Nate Quarry,Pete Sell,even,https://www.bestfightodds.com/events/ufc-fight-night-11-thomas-vs-florian-13
Nate Quarry,meanodds,1190253610000,-229,Nate Quarry,Pete Sell,even,https://www.bestfightodds.com/events/ufc-fight-night-11-thomas-vs-florian-13
Pete Sell,5Dimes,1187472638000,+253,Nate Quarry,Pete Sell,odd,https://www.bestfightodds.com/events/ufc-fight-night-11-thomas-vs-florian-13
Pete Sell,5Dimes,1187611229000,+230,Nate Quarry,Pete Sell,odd,https://www.bestfightodds.com/events/ufc-fight-night-11-thomas-vs-florian-13
Pete Sell,5Dimes,1189018840000,+240,Nate Quarry,Pete Sell,odd,https://www.bestfightodds.com/events/ufc-fight-night-11-thomas-vs-florian-13
Pete Sell,5Dimes,1189294239000,+220,Nate Quarry,Pete Sell,odd,https://www.bestfightodds.com/events/ufc-fight-night-11-thomas-vs-florian-13
Pete Sell,5Dimes,1189445416000,+225,Nate Quarry,Pete Sell,odd,https://www.bestfightodds.com/events/ufc-fight-night-11-thomas-vs-florian-13
Pete Sell,5Dimes,1189688428000,+220,Nate Quarry,Pete Sell,odd,https://www.bestfightodds.com/events/ufc-fight-night-11-thomas-vs-florian-13
Pete Sell,5Dimes,1189990820000,+180,Nate Quarry,Pete Sell,odd,https://www.bestfightodds.com/events/ufc-fight-night-11-thomas-vs-florian-13
Pete Sell,5Dimes,1190028615000,+190,Nate Quarry,Pete Sell,odd,https://www.bestfightodds.com/events/ufc-fight-night-11-thomas-vs-florian-13
Pete Sell,5Dimes,1190223031000,+180,Nate Quarry,Pete Sell,odd,https://www.bestfightodds.com/events/ufc-fight-night-11-thomas-vs-florian-13
Pete Sell,BookMaker,1187757020000,+225,Nate Quarry,Pete Sell,odd,https://www.bestfightodds.com/events/ufc-fight-night-11-thomas-vs-florian-13
Pete Sell,BookMaker,1189738812000,+215,Nate Quarry,Pete Sell,odd,https://www.bestfightodds.com/events/ufc-fight-night-11-thomas-vs-florian-13
Pete Sell,BookMaker,1189818013000,+210,Nate Quarry,Pete Sell,odd,https://www.bestfightodds.com/events/ufc-fight-night-11-thomas-vs-florian-13
Pete Sell,BookMaker,1189904415000,+185,Nate Quarry,Pete Sell,odd,https://www.bestfightodds.com/events/ufc-fight-night-11-thomas-vs-florian-13
Pete Sell,BookMaker,1190253610000,+170,Nate Quarry,Pete Sell,odd,https://www.bestfightodds.com/events/ufc-fight-night-11-thomas-vs-florian-13
Pete Sell,SportBet,1189382411000,+215,Nate Quarry,Pete Sell,odd,https://www.bestfightodds.com/events/ufc-fight-night-11-thomas-vs-florian-13
Pete Sell,SportBet,1189688409000,+220,Nate Quarry,Pete Sell,odd,https://www.bestfightodds.com/events/ufc-fight-night-11-thomas-vs-florian-13
Pete Sell,SportBet,1189740607000,+205,Nate Quarry,Pete Sell,odd,https://www.bestfightodds.com/events/ufc-fight-night-11-thomas-vs-florian-13
Pete Sell,SportBet,1189769410000,+210,Nate Quarry,Pete Sell,odd,https://www.bestfightodds.com/events/ufc-fight-night-11-thomas-vs-florian-13
Pete Sell,SportBet,1190248207000,+180,Nate Quarry,Pete Sell,odd,https://www.bestfightodds.com/events/ufc-fight-night-11-thomas-vs-florian-13
Pete Sell,SportBet,1190250009000,+195,Nate Quarry,Pete Sell,odd,https://www.bestfightodds.com/events/ufc-fight-night-11-thomas-vs-florian-13
Pete Sell,Bovada,1187409604000,+260,Nate Quarry,Pete Sell,odd,https://www.bestfightodds.com/events/ufc-fight-night-11-thomas-vs-florian-13
Pete Sell,Bovada,1187652604000,+235,Nate Quarry,Pete Sell,odd,https://www.bestfightodds.com/events/ufc-fight-night-11-thomas-vs-florian-13
Pete Sell,Bovada,1187978403000,+250,Nate Quarry,Pete Sell,odd,https://www.bestfightodds.com/events/ufc-fight-night-11-thomas-vs-florian-13
Pete Sell,Bovada,1188646205000,+220,Nate Quarry,Pete Sell,odd,https://www.bestfightodds.com/events/ufc-fight-night-11-thomas-vs-florian-13
Pete Sell,Bovada,1188957603000,+215,Nate Quarry,Pete Sell,odd,https://www.bestfightodds.com/events/ufc-fight-night-11-thomas-vs-florian-13
Pete Sell,Bovada,1189112403000,+200,Nate Quarry,Pete Sell,odd,https://www.bestfightodds.com/events/ufc-fight-night-11-thomas-vs-florian-13
Pete Sell,Bovada,1190084402000,+185,Nate Quarry,Pete Sell,odd,https://www.bestfightodds.com/events/ufc-fight-night-11-thomas-vs-florian-13
Pete Sell,Sportsbook,1187404219000,+300,Nate Quarry,Pete Sell,odd,https://www.bestfightodds.com/events/ufc-fight-night-11-thomas-vs-florian-13
Pete Sell,Sportsbook,1187407824000,+275,Nate Quarry,Pete Sell,odd,https://www.bestfightodds.com/events/ufc-fight-night-11-thomas-vs-florian-13
Pete Sell,Sportsbook,1187573417000,+250,Nate Quarry,Pete Sell,odd,https://www.bestfightodds.com/events/ufc-fight-night-11-thomas-vs-florian-13
Pete Sell,Sportsbook,1188644426000,+235,Nate Quarry,Pete Sell,odd,https://www.bestfightodds.com/events/ufc-fight-night-11-thomas-vs-florian-13
Pete Sell,Sportsbook,1188957624000,+210,Nate Quarry,Pete Sell,odd,https://www.bestfightodds.com/events/ufc-fight-night-11-thomas-vs-florian-13
Pete Sell,Sportsbook,1189114223000,+205,Nate Quarry,Pete Sell,odd,https://www.bestfightodds.com/events/ufc-fight-night-11-thomas-vs-florian-13
Pete Sell,Sportsbook,1190163617000,+170,Nate Quarry,Pete Sell,odd,https://www.bestfightodds.com/events/ufc-fight-night-11-thomas-vs-florian-13
Pete Sell,Sportsbook,1190241030000,+165,Nate Quarry,Pete Sell,odd,https://www.bestfightodds.com/events/ufc-fight-night-11-thomas-vs-florian-13
Pete Sell,SportsInt.,1190169118000,+187,Nate Quarry,Pete Sell,odd,https://www.bestfightodds.com/events/ufc-fight-night-11-thomas-vs-florian-13
Pete Sell,meanodds,1187404219000,+300,Nate Quarry,Pete Sell,odd,https://www.bestfightodds.com/events/ufc-fight-night-11-thomas-vs-florian-13
Pete Sell,meanodds,1187407824000,+275,Nate Quarry,Pete Sell,odd,https://www.bestfightodds.com/events/ufc-fight-night-11-thomas-vs-florian-13
Pete Sell,meanodds,1187409604000,+268,Nate Quarry,Pete Sell,odd,https://www.bestfightodds.com/events/ufc-fight-night-11-thomas-vs-florian-13
Pete Sell,meanodds,1187472638000,+263,Nate Quarry,Pete Sell,odd,https://www.bestfightodds.com/events/ufc-fight-night-11-thomas-vs-florian-13
Pete Sell,meanodds,1187573417000,+254,Nate Quarry,Pete Sell,odd,https://www.bestfightodds.com/events/ufc-fight-night-11-thomas-vs-florian-13
Pete Sell,meanodds,1187611229000,+247,Nate Quarry,Pete Sell,odd,https://www.bestfightodds.com/events/ufc-fight-night-11-thomas-vs-florian-13
Pete Sell,meanodds,1187652604000,+238,Nate Quarry,Pete Sell,odd,https://www.bestfightodds.com/events/ufc-fight-night-11-thomas-vs-florian-13
Pete Sell,meanodds,1187757020000,+235,Nate Quarry,Pete Sell,odd,https://www.bestfightodds.com/events/ufc-fight-night-11-thomas-vs-florian-13
Pete Sell,meanodds,1187978403000,+239,Nate Quarry,Pete Sell,odd,https://www.bestfightodds.com/events/ufc-fight-night-11-thomas-vs-florian-13
Pete Sell,meanodds,1188644426000,+235,Nate Quarry,Pete Sell,odd,https://www.bestfightodds.com/events/ufc-fight-night-11-thomas-vs-florian-13
Pete Sell,meanodds,1188646205000,+228,Nate Quarry,Pete Sell,odd,https://www.bestfightodds.com/events/ufc-fight-night-11-thomas-vs-florian-13
Pete Sell,meanodds,1188957603000,+226,Nate Quarry,Pete Sell,odd,https://www.bestfightodds.com/events/ufc-fight-night-11-thomas-vs-florian-13
Pete Sell,meanodds,1188957624000,+220,Nate Quarry,Pete Sell,odd,https://www.bestfightodds.com/events/ufc-fight-night-11-thomas-vs-florian-13
Pete Sell,meanodds,1189018840000,+223,Nate Quarry,Pete Sell,odd,https://www.bestfightodds.com/events/ufc-fight-night-11-thomas-vs-florian-13
Pete Sell,meanodds,1189112403000,+219,Nate Quarry,Pete Sell,odd,https://www.bestfightodds.com/events/ufc-fight-night-11-thomas-vs-florian-13
Pete Sell,meanodds,1189114223000,+218,Nate Quarry,Pete Sell,odd,https://www.bestfightodds.com/events/ufc-fight-night-11-thomas-vs-florian-13
Pete Sell,meanodds,1189294239000,+213,Nate Quarry,Pete Sell,odd,https://www.bestfightodds.com/events/ufc-fight-night-11-thomas-vs-florian-13
Pete Sell,meanodds,1189382411000,+213,Nate Quarry,Pete Sell,odd,https://www.bestfightodds.com/events/ufc-fight-night-11-thomas-vs-florian-13
Pete Sell,meanodds,1189445416000,+214,Nate Quarry,Pete Sell,odd,https://www.bestfightodds.com/events/ufc-fight-night-11-thomas-vs-florian-13
Pete Sell,meanodds,1189688409000,+215,Nate Quarry,Pete Sell,odd,https://www.bestfightodds.com/events/ufc-fight-night-11-thomas-vs-florian-13
Pete Sell,meanodds,1189688428000,+214,Nate Quarry,Pete Sell,odd,https://www.bestfightodds.com/events/ufc-fight-night-11-thomas-vs-florian-13
Pete Sell,meanodds,1189738812000,+212,Nate Quarry,Pete Sell,odd,https://www.bestfightodds.com/events/ufc-fight-night-11-thomas-vs-florian-13
Pete Sell,meanodds,1189740607000,+209,Nate Quarry,Pete Sell,odd,https://www.bestfightodds.com/events/ufc-fight-night-11-thomas-vs-florian-13
Pete Sell,meanodds,1189769410000,+210,Nate Quarry,Pete Sell,odd,https://www.bestfightodds.com/events/ufc-fight-night-11-thomas-vs-florian-13
Pete Sell,meanodds,1189818013000,+209,Nate Quarry,Pete Sell,odd,https://www.bestfightodds.com/events/ufc-fight-night-11-thomas-vs-florian-13
Pete Sell,meanodds,1189904415000,+204,Nate Quarry,Pete Sell,odd,https://www.bestfightodds.com/events/ufc-fight-night-11-thomas-vs-florian-13
Pete Sell,meanodds,1189990820000,+196,Nate Quarry,Pete Sell,odd,https://www.bestfightodds.com/events/ufc-fight-night-11-thomas-vs-florian-13
Pete Sell,meanodds,1190028615000,+198,Nate Quarry,Pete Sell,odd,https://www.bestfightodds.com/events/ufc-fight-night-11-thomas-vs-florian-13
Pete Sell,meanodds,1190084402000,+195,Nate Quarry,Pete Sell,odd,https://www.bestfightodds.com/events/ufc-fight-night-11-thomas-vs-florian-13
Pete Sell,meanodds,1190163617000,+188,Nate Quarry,Pete Sell,odd,https://www.bestfightodds.com/events/ufc-fight-night-11-thomas-vs-florian-13
Pete Sell,meanodds,1190169118000,+188,Nate Quarry,Pete Sell,odd,https://www.bestfightodds.com/events/ufc-fight-night-11-thomas-vs-florian-13
Pete Sell,meanodds,1190223031000,+186,Nate Quarry,Pete Sell,odd,https://www.bestfightodds.com/events/ufc-fight-night-11-thomas-vs-florian-13
Pete Sell,meanodds,1190241030000,+185,Nate Quarry,Pete Sell,odd,https://www.bestfightodds.com/events/ufc-fight-night-11-thomas-vs-florian-13
Pete Sell,meanodds,1190248207000,+180,Nate Quarry,Pete Sell,odd,https://www.bestfightodds.com/events/ufc-fight-night-11-thomas-vs-florian-13
Pete Sell,meanodds,1190250009000,+183,Nate Quarry,Pete Sell,odd,https://www.bestfightodds.com/events/ufc-fight-night-11-thomas-vs-florian-13
Pete Sell,meanodds,1190253610000,+180,Nate Quarry,Pete Sell,odd,https://www.bestfightodds.com/events/ufc-fight-night-11-thomas-vs-florian-13
Chris Leben,5Dimes,1187472638000,+160,Chris Leben,Terry Martin,even,https://www.bestfightodds.com/events/ufc-fight-night-11-thomas-vs-florian-13
Chris Leben,5Dimes,1187478035000,+180,Chris Leben,Terry Martin,even,https://www.bestfightodds.com/events/ufc-fight-night-11-thomas-vs-florian-13
Chris Leben,5Dimes,1187611229000,+175,Chris Leben,Terry Martin,even,https://www.bestfightodds.com/events/ufc-fight-night-11-thomas-vs-florian-13
Chris Leben,5Dimes,1189294239000,+170,Chris Leben,Terry Martin,even,https://www.bestfightodds.com/events/ufc-fight-night-11-thomas-vs-florian-13
Chris Leben,5Dimes,1189990820000,+165,Chris Leben,Terry Martin,even,https://www.bestfightodds.com/events/ufc-fight-night-11-thomas-vs-florian-13
Chris Leben,5Dimes,1190194226000,+175,Chris Leben,Terry Martin,even,https://www.bestfightodds.com/events/ufc-fight-night-11-thomas-vs-florian-13
Chris Leben,5Dimes,1190210425000,+170,Chris Leben,Terry Martin,even,https://www.bestfightodds.com/events/ufc-fight-night-11-thomas-vs-florian-13
Chris Leben,5Dimes,1190233848000,+180,Chris Leben,Terry Martin,even,https://www.bestfightodds.com/events/ufc-fight-night-11-thomas-vs-florian-13
Chris Leben,5Dimes,1190242845000,+170,Chris Leben,Terry Martin,even,https://www.bestfightodds.com/events/ufc-fight-night-11-thomas-vs-florian-13
Chris Leben,5Dimes,1190253629000,+180,Chris Leben,Terry Martin,even,https://www.bestfightodds.com/events/ufc-fight-night-11-thomas-vs-florian-13
Chris Leben,5Dimes,1190257228000,+200,Chris Leben,Terry Martin,even,https://www.bestfightodds.com/events/ufc-fight-night-11-thomas-vs-florian-13
Chris Leben,BookMaker,1187757020000,+175,Chris Leben,Terry Martin,even,https://www.bestfightodds.com/events/ufc-fight-night-11-thomas-vs-florian-13
Chris Leben,BookMaker,1189738812000,+170,Chris Leben,Terry Martin,even,https://www.bestfightodds.com/events/ufc-fight-night-11-thomas-vs-florian-13
Chris Leben,BookMaker,1190183414000,+185,Chris Leben,Terry Martin,even,https://www.bestfightodds.com/events/ufc-fight-night-11-thomas-vs-florian-13
Chris Leben,BookMaker,1190185214000,+165,Chris Leben,Terry Martin,even,https://www.bestfightodds.com/events/ufc-fight-night-11-thomas-vs-florian-13
Chris Leben,BookMaker,1190253610000,+160,Chris Leben,Terry Martin,even,https://www.bestfightodds.com/events/ufc-fight-night-11-thomas-vs-florian-13
Chris Leben,BookMaker,1190257210000,+200,Chris Leben,Terry Martin,even,https://www.bestfightodds.com/events/ufc-fight-night-11-thomas-vs-florian-13
Chris Leben,SportBet,1189382411000,+165,Chris Leben,Terry Martin,even,https://www.bestfightodds.com/events/ufc-fight-night-11-thomas-vs-florian-13
Chris Leben,SportBet,1189688409000,+170,Chris Leben,Terry Martin,even,https://www.bestfightodds.com/events/ufc-fight-night-11-thomas-vs-florian-13
Chris Leben,SportBet,1189740607000,+160,Chris Leben,Terry Martin,even,https://www.bestfightodds.com/events/ufc-fight-night-11-thomas-vs-florian-13
Chris Leben,Bovada,1187409604000,+170,Chris Leben,Terry Martin,even,https://www.bestfightodds.com/events/ufc-fight-night-11-thomas-vs-florian-13
Chris Leben,Sportsbook,1187404219000,+160,Chris Leben,Terry Martin,even,https://www.bestfightodds.com/events/ufc-fight-night-11-thomas-vs-florian-13
Chris Leben,Sportsbook,1190214019000,+170,Chris Leben,Terry Martin,even,https://www.bestfightodds.com/events/ufc-fight-night-11-thomas-vs-florian-13
Chris Leben,Sportsbook,1190241030000,+180,Chris Leben,Terry Martin,even,https://www.bestfightodds.com/events/ufc-fight-night-11-thomas-vs-florian-13
Chris Leben,Sportsbook,1190250023000,+160,Chris Leben,Terry Martin,even,https://www.bestfightodds.com/events/ufc-fight-night-11-thomas-vs-florian-13
Chris Leben,SportsInt.,1190169023000,+162,Chris Leben,Terry Martin,even,https://www.bestfightodds.com/events/ufc-fight-night-11-thomas-vs-florian-13
Chris Leben,meanodds,1187404219000,+160,Chris Leben,Terry Martin,even,https://www.bestfightodds.com/events/ufc-fight-night-11-thomas-vs-florian-13
Chris Leben,meanodds,1187409604000,+165,Chris Leben,Terry Martin,even,https://www.bestfightodds.com/events/ufc-fight-night-11-thomas-vs-florian-13
Chris Leben,meanodds,1187472638000,+163,Chris Leben,Terry Martin,even,https://www.bestfightodds.com/events/ufc-fight-night-11-thomas-vs-florian-13
Chris Leben,meanodds,1187478035000,+170,Chris Leben,Terry Martin,even,https://www.bestfightodds.com/events/ufc-fight-night-11-thomas-vs-florian-13
Chris Leben,meanodds,1187611229000,+168,Chris Leben,Terry Martin,even,https://www.bestfightodds.com/events/ufc-fight-night-11-thomas-vs-florian-13
Chris Leben,meanodds,1187757020000,+170,Chris Leben,Terry Martin,even,https://www.bestfightodds.com/events/ufc-fight-night-11-thomas-vs-florian-13
Chris Leben,meanodds,1189294239000,+169,Chris Leben,Terry Martin,even,https://www.bestfightodds.com/events/ufc-fight-night-11-thomas-vs-florian-13
Chris Leben,meanodds,1189382411000,+168,Chris Leben,Terry Martin,even,https://www.bestfightodds.com/events/ufc-fight-night-11-thomas-vs-florian-13
Chris Leben,meanodds,1189688409000,+169,Chris Leben,Terry Martin,even,https://www.bestfightodds.com/events/ufc-fight-night-11-thomas-vs-florian-13
Chris Leben,meanodds,1189738812000,+168,Chris Leben,Terry Martin,even,https://www.bestfightodds.com/events/ufc-fight-night-11-thomas-vs-florian-13
Chris Leben,meanodds,1189740607000,+166,Chris Leben,Terry Martin,even,https://www.bestfightodds.com/events/ufc-fight-night-11-thomas-vs-florian-13
Chris Leben,meanodds,1189990820000,+165,Chris Leben,Terry Martin,even,https://www.bestfightodds.com/events/ufc-fight-night-11-thomas-vs-florian-13
Chris Leben,meanodds,1190169023000,+165,Chris Leben,Terry Martin,even,https://www.bestfightodds.com/events/ufc-fight-night-11-thomas-vs-florian-13
Chris Leben,meanodds,1190183414000,+167,Chris Leben,Terry Martin,even,https://www.bestfightodds.com/events/ufc-fight-night-11-thomas-vs-florian-13
Chris Leben,meanodds,1190185214000,+164,Chris Leben,Terry Martin,even,https://www.bestfightodds.com/events/ufc-fight-night-11-thomas-vs-florian-13
Chris Leben,meanodds,1190194226000,+165,Chris Leben,Terry Martin,even,https://www.bestfightodds.com/events/ufc-fight-night-11-thomas-vs-florian-13
Chris Leben,meanodds,1190210425000,+165,Chris Leben,Terry Martin,even,https://www.bestfightodds.com/events/ufc-fight-night-11-thomas-vs-florian-13
Chris Leben,meanodds,1190214019000,+166,Chris Leben,Terry Martin,even,https://www.bestfightodds.com/events/ufc-fight-night-11-thomas-vs-florian-13
Chris Leben,meanodds,1190233848000,+168,Chris Leben,Terry Martin,even,https://www.bestfightodds.com/events/ufc-fight-night-11-thomas-vs-florian-13
Chris Leben,meanodds,1190241030000,+170,Chris Leben,Terry Martin,even,https://www.bestfightodds.com/events/ufc-fight-night-11-thomas-vs-florian-13
Chris Leben,meanodds,1190242845000,+168,Chris Leben,Terry Martin,even,https://www.bestfightodds.com/events/ufc-fight-night-11-thomas-vs-florian-13
Chris Leben,meanodds,1190250023000,+165,Chris Leben,Terry Martin,even,https://www.bestfightodds.com/events/ufc-fight-night-11-thomas-vs-florian-13
Chris Leben,meanodds,1190253610000,+164,Chris Leben,Terry Martin,even,https://www.bestfightodds.com/events/ufc-fight-night-11-thomas-vs-florian-13
Chris Leben,meanodds,1190253629000,+165,Chris Leben,Terry Martin,even,https://www.bestfightodds.com/events/ufc-fight-night-11-thomas-vs-florian-13
Chris Leben,meanodds,1190257210000,+172,Chris Leben,Terry Martin,even,https://www.bestfightodds.com/events/ufc-fight-night-11-thomas-vs-florian-13
Chris Leben,meanodds,1190257228000,+175,Chris Leben,Terry Martin,even,https://www.bestfightodds.com/events/ufc-fight-night-11-thomas-vs-florian-13
Terry Martin,5Dimes,1187472638000,-200,Chris Leben,Terry Martin,odd,https://www.bestfightodds.com/events/ufc-fight-night-11-thomas-vs-florian-13
Terry Martin,5Dimes,1187478035000,-220,Chris Leben,Terry Martin,odd,https://www.bestfightodds.com/events/ufc-fight-night-11-thomas-vs-florian-13
Terry Martin,5Dimes,1187611229000,-210,Chris Leben,Terry Martin,odd,https://www.bestfightodds.com/events/ufc-fight-night-11-thomas-vs-florian-13
Terry Martin,5Dimes,1189294239000,-200,Chris Leben,Terry Martin,odd,https://www.bestfightodds.com/events/ufc-fight-night-11-thomas-vs-florian-13
Terry Martin,5Dimes,1189990820000,-190,Chris Leben,Terry Martin,odd,https://www.bestfightodds.com/events/ufc-fight-night-11-thomas-vs-florian-13
Terry Martin,5Dimes,1190194226000,-210,Chris Leben,Terry Martin,odd,https://www.bestfightodds.com/events/ufc-fight-night-11-thomas-vs-florian-13
Terry Martin,5Dimes,1190210425000,-200,Chris Leben,Terry Martin,odd,https://www.bestfightodds.com/events/ufc-fight-night-11-thomas-vs-florian-13
Terry Martin,5Dimes,1190233848000,-220,Chris Leben,Terry Martin,odd,https://www.bestfightodds.com/events/ufc-fight-night-11-thomas-vs-florian-13
Terry Martin,5Dimes,1190242845000,-200,Chris Leben,Terry Martin,odd,https://www.bestfightodds.com/events/ufc-fight-night-11-thomas-vs-florian-13
Terry Martin,5Dimes,1190253629000,-220,Chris Leben,Terry Martin,odd,https://www.bestfightodds.com/events/ufc-fight-night-11-thomas-vs-florian-13
Terry Martin,5Dimes,1190257228000,-240,Chris Leben,Terry Martin,odd,https://www.bestfightodds.com/events/ufc-fight-night-11-thomas-vs-florian-13
Terry Martin,BookMaker,1187757020000,-215,Chris Leben,Terry Martin,odd,https://www.bestfightodds.com/events/ufc-fight-night-11-thomas-vs-florian-13
Terry Martin,BookMaker,1189738812000,-210,Chris Leben,Terry Martin,odd,https://www.bestfightodds.com/events/ufc-fight-night-11-thomas-vs-florian-13
Terry Martin,BookMaker,1190183414000,-225,Chris Leben,Terry Martin,odd,https://www.bestfightodds.com/events/ufc-fight-night-11-thomas-vs-florian-13
Terry Martin,BookMaker,1190185214000,-205,Chris Leben,Terry Martin,odd,https://www.bestfightodds.com/events/ufc-fight-night-11-thomas-vs-florian-13
Terry Martin,BookMaker,1190253610000,-200,Chris Leben,Terry Martin,odd,https://www.bestfightodds.com/events/ufc-fight-night-11-thomas-vs-florian-13
Terry Martin,BookMaker,1190257210000,-250,Chris Leben,Terry Martin,odd,https://www.bestfightodds.com/events/ufc-fight-night-11-thomas-vs-florian-13
Terry Martin,SportBet,1189382411000,-215,Chris Leben,Terry Martin,odd,https://www.bestfightodds.com/events/ufc-fight-night-11-thomas-vs-florian-13
Terry Martin,SportBet,1189688409000,-220,Chris Leben,Terry Martin,odd,https://www.bestfightodds.com/events/ufc-fight-night-11-thomas-vs-florian-13
Terry Martin,SportBet,1189740607000,-210,Chris Leben,Terry Martin,odd,https://www.bestfightodds.com/events/ufc-fight-night-11-thomas-vs-florian-13
Terry Martin,Bovada,1187409604000,-210,Chris Leben,Terry Martin,odd,https://www.bestfightodds.com/events/ufc-fight-night-11-thomas-vs-florian-13
Terry Martin,Sportsbook,1187404219000,-200,Chris Leben,Terry Martin,odd,https://www.bestfightodds.com/events/ufc-fight-night-11-thomas-vs-florian-13
Terry Martin,Sportsbook,1190214019000,-210,Chris Leben,Terry Martin,odd,https://www.bestfightodds.com/events/ufc-fight-night-11-thomas-vs-florian-13
Terry Martin,Sportsbook,1190241030000,-220,Chris Leben,Terry Martin,odd,https://www.bestfightodds.com/events/ufc-fight-night-11-thomas-vs-florian-13
Terry Martin,Sportsbook,1190250023000,-200,Chris Leben,Terry Martin,odd,https://www.bestfightodds.com/events/ufc-fight-night-11-thomas-vs-florian-13
Terry Martin,SportsInt.,1190169023000,-227,Chris Leben,Terry Martin,odd,https://www.bestfightodds.com/events/ufc-fight-night-11-thomas-vs-florian-13
Terry Martin,meanodds,1187404219000,-200,Chris Leben,Terry Martin,odd,https://www.bestfightodds.com/events/ufc-fight-night-11-thomas-vs-florian-13
Terry Martin,meanodds,1187409604000,-205,Chris Leben,Terry Martin,odd,https://www.bestfightodds.com/events/ufc-fight-night-11-thomas-vs-florian-13
Terry Martin,meanodds,1187472638000,-203,Chris Leben,Terry Martin,odd,https://www.bestfightodds.com/events/ufc-fight-night-11-thomas-vs-florian-13
Terry Martin,meanodds,1187478035000,-210,Chris Leben,Terry Martin,odd,https://www.bestfightodds.com/events/ufc-fight-night-11-thomas-vs-florian-13
Terry Martin,meanodds,1187611229000,-207,Chris Leben,Terry Martin,odd,https://www.bestfightodds.com/events/ufc-fight-night-11-thomas-vs-florian-13
Terry Martin,meanodds,1187757020000,-209,Chris Leben,Terry Martin,odd,https://www.bestfightodds.com/events/ufc-fight-night-11-thomas-vs-florian-13
Terry Martin,meanodds,1189294239000,-206,Chris Leben,Terry Martin,odd,https://www.bestfightodds.com/events/ufc-fight-night-11-thomas-vs-florian-13
Terry Martin,meanodds,1189382411000,-208,Chris Leben,Terry Martin,odd,https://www.bestfightodds.com/events/ufc-fight-night-11-thomas-vs-florian-13
Terry Martin,meanodds,1189688409000,-209,Chris Leben,Terry Martin,odd,https://www.bestfightodds.com/events/ufc-fight-night-11-thomas-vs-florian-13
Terry Martin,meanodds,1189738812000,-208,Chris Leben,Terry Martin,odd,https://www.bestfightodds.com/events/ufc-fight-night-11-thomas-vs-florian-13
Terry Martin,meanodds,1189740607000,-206,Chris Leben,Terry Martin,odd,https://www.bestfightodds.com/events/ufc-fight-night-11-thomas-vs-florian-13
Terry Martin,meanodds,1189990820000,-204,Chris Leben,Terry Martin,odd,https://www.bestfightodds.com/events/ufc-fight-night-11-thomas-vs-florian-13
Terry Martin,meanodds,1190169023000,-207,Chris Leben,Terry Martin,odd,https://www.bestfightodds.com/events/ufc-fight-night-11-thomas-vs-florian-13
Terry Martin,meanodds,1190183414000,-210,Chris Leben,Terry Martin,odd,https://www.bestfightodds.com/events/ufc-fight-night-11-thomas-vs-florian-13
Terry Martin,meanodds,1190185214000,-206,Chris Leben,Terry Martin,odd,https://www.bestfightodds.com/events/ufc-fight-night-11-thomas-vs-florian-13
Terry Martin,meanodds,1190194226000,-210,Chris Leben,Terry Martin,odd,https://www.bestfightodds.com/events/ufc-fight-night-11-thomas-vs-florian-13
Terry Martin,meanodds,1190210425000,-208,Chris Leben,Terry Martin,odd,https://www.bestfightodds.com/events/ufc-fight-night-11-thomas-vs-florian-13
Terry Martin,meanodds,1190214019000,-210,Chris Leben,Terry Martin,odd,https://www.bestfightodds.com/events/ufc-fight-night-11-thomas-vs-florian-13
Terry Martin,meanodds,1190233848000,-213,Chris Leben,Terry Martin,odd,https://www.bestfightodds.com/events/ufc-fight-night-11-thomas-vs-florian-13
Terry Martin,meanodds,1190241030000,-215,Chris Leben,Terry Martin,odd,https://www.bestfightodds.com/events/ufc-fight-night-11-thomas-vs-florian-13
Terry Martin,meanodds,1190242845000,-212,Chris Leben,Terry Martin,odd,https://www.bestfightodds.com/events/ufc-fight-night-11-thomas-vs-florian-13
Terry Martin,meanodds,1190250023000,-208,Chris Leben,Terry Martin,odd,https://www.bestfightodds.com/events/ufc-fight-night-11-thomas-vs-florian-13
Terry Martin,meanodds,1190253610000,-207,Chris Leben,Terry Martin,odd,https://www.bestfightodds.com/events/ufc-fight-night-11-thomas-vs-florian-13
Terry Martin,meanodds,1190253629000,-211,Chris Leben,Terry Martin,odd,https://www.bestfightodds.com/events/ufc-fight-night-11-thomas-vs-florian-13
Terry Martin,meanodds,1190257210000,-218,Chris Leben,Terry Martin,odd,https://www.bestfightodds.com/events/ufc-fight-night-11-thomas-vs-florian-13
Terry Martin,meanodds,1190257228000,-221,Chris Leben,Terry Martin,odd,https://www.bestfightodds.com/events/ufc-fight-night-11-thomas-vs-florian-13
Junior Assuncao,5Dimes,1190210425000,+175,Junior Assuncao,Nate Diaz,even,https://www.bestfightodds.com/events/ufc-fight-night-11-thomas-vs-florian-13
Junior Assuncao,5Dimes,1190217628000,+165,Junior Assuncao,Nate Diaz,even,https://www.bestfightodds.com/events/ufc-fight-night-11-thomas-vs-florian-13
Junior Assuncao,5Dimes,1190224845000,+175,Junior Assuncao,Nate Diaz,even,https://www.bestfightodds.com/events/ufc-fight-night-11-thomas-vs-florian-13
Junior Assuncao,BookMaker,1190145612000,+205,Junior Assuncao,Nate Diaz,even,https://www.bestfightodds.com/events/ufc-fight-night-11-thomas-vs-florian-13
Junior Assuncao,BookMaker,1190152813000,+185,Junior Assuncao,Nate Diaz,even,https://www.bestfightodds.com/events/ufc-fight-night-11-thomas-vs-florian-13
Junior Assuncao,BookMaker,1190172615000,+160,Junior Assuncao,Nate Diaz,even,https://www.bestfightodds.com/events/ufc-fight-night-11-thomas-vs-florian-13
Junior Assuncao,BookMaker,1190253610000,+150,Junior Assuncao,Nate Diaz,even,https://www.bestfightodds.com/events/ufc-fight-night-11-thomas-vs-florian-13
Junior Assuncao,BookMaker,1190255410000,+170,Junior Assuncao,Nate Diaz,even,https://www.bestfightodds.com/events/ufc-fight-night-11-thomas-vs-florian-13
Junior Assuncao,SportBet,1190246407000,+155,Junior Assuncao,Nate Diaz,even,https://www.bestfightodds.com/events/ufc-fight-night-11-thomas-vs-florian-13
Junior Assuncao,Sportsbook,1190156424000,+155,Junior Assuncao,Nate Diaz,even,https://www.bestfightodds.com/events/ufc-fight-night-11-thomas-vs-florian-13
Junior Assuncao,meanodds,1190145612000,+205,Junior Assuncao,Nate Diaz,even,https://www.bestfightodds.com/events/ufc-fight-night-11-thomas-vs-florian-13
Junior Assuncao,meanodds,1190152813000,+185,Junior Assuncao,Nate Diaz,even,https://www.bestfightodds.com/events/ufc-fight-night-11-thomas-vs-florian-13
Junior Assuncao,meanodds,1190156424000,+170,Junior Assuncao,Nate Diaz,even,https://www.bestfightodds.com/events/ufc-fight-night-11-thomas-vs-florian-13
Junior Assuncao,meanodds,1190172615000,+158,Junior Assuncao,Nate Diaz,even,https://www.bestfightodds.com/events/ufc-fight-night-11-thomas-vs-florian-13
Junior Assuncao,meanodds,1190210425000,+163,Junior Assuncao,Nate Diaz,even,https://www.bestfightodds.com/events/ufc-fight-night-11-thomas-vs-florian-13
Junior Assuncao,meanodds,1190217628000,+160,Junior Assuncao,Nate Diaz,even,https://www.bestfightodds.com/events/ufc-fight-night-11-thomas-vs-florian-13
Junior Assuncao,meanodds,1190224845000,+163,Junior Assuncao,Nate Diaz,even,https://www.bestfightodds.com/events/ufc-fight-night-11-thomas-vs-florian-13
Junior Assuncao,meanodds,1190246407000,+161,Junior Assuncao,Nate Diaz,even,https://www.bestfightodds.com/events/ufc-fight-night-11-thomas-vs-florian-13
Junior Assuncao,meanodds,1190253610000,+159,Junior Assuncao,Nate Diaz,even,https://www.bestfightodds.com/events/ufc-fight-night-11-thomas-vs-florian-13
Junior Assuncao,meanodds,1190255410000,+164,Junior Assuncao,Nate Diaz,even,https://www.bestfightodds.com/events/ufc-fight-night-11-thomas-vs-florian-13
Nate Diaz,5Dimes,1190210425000,-210,Junior Assuncao,Nate Diaz,odd,https://www.bestfightodds.com/events/ufc-fight-night-11-thomas-vs-florian-13
Nate Diaz,5Dimes,1190217628000,-190,Junior Assuncao,Nate Diaz,odd,https://www.bestfightodds.com/events/ufc-fight-night-11-thomas-vs-florian-13
Nate Diaz,5Dimes,1190224845000,-210,Junior Assuncao,Nate Diaz,odd,https://www.bestfightodds.com/events/ufc-fight-night-11-thomas-vs-florian-13
Nate Diaz,BookMaker,1190145612000,-255,Junior Assuncao,Nate Diaz,odd,https://www.bestfightodds.com/events/ufc-fight-night-11-thomas-vs-florian-13
Nate Diaz,BookMaker,1190152813000,-225,Junior Assuncao,Nate Diaz,odd,https://www.bestfightodds.com/events/ufc-fight-night-11-thomas-vs-florian-13
Nate Diaz,BookMaker,1190172615000,-200,Junior Assuncao,Nate Diaz,odd,https://www.bestfightodds.com/events/ufc-fight-night-11-thomas-vs-florian-13
Nate Diaz,BookMaker,1190253610000,-180,Junior Assuncao,Nate Diaz,odd,https://www.bestfightodds.com/events/ufc-fight-night-11-thomas-vs-florian-13
Nate Diaz,BookMaker,1190255410000,-210,Junior Assuncao,Nate Diaz,odd,https://www.bestfightodds.com/events/ufc-fight-night-11-thomas-vs-florian-13
Nate Diaz,SportBet,1190246407000,-205,Junior Assuncao,Nate Diaz,odd,https://www.bestfightodds.com/events/ufc-fight-night-11-thomas-vs-florian-13
Nate Diaz,Sportsbook,1190156424000,-185,Junior Assuncao,Nate Diaz,odd,https://www.bestfightodds.com/events/ufc-fight-night-11-thomas-vs-florian-13
Nate Diaz,meanodds,1190145612000,-255,Junior Assuncao,Nate Diaz,odd,https://www.bestfightodds.com/events/ufc-fight-night-11-thomas-vs-florian-13
Nate Diaz,meanodds,1190152813000,-225,Junior Assuncao,Nate Diaz,odd,https://www.bestfightodds.com/events/ufc-fight-night-11-thomas-vs-florian-13
Nate Diaz,meanodds,1190156424000,-203,Junior Assuncao,Nate Diaz,odd,https://www.bestfightodds.com/events/ufc-fight-night-11-thomas-vs-florian-13
Nate Diaz,meanodds,1190172615000,-192,Junior Assuncao,Nate Diaz,odd,https://www.bestfightodds.com/events/ufc-fight-night-11-thomas-vs-florian-13
Nate Diaz,meanodds,1190210425000,-198,Junior Assuncao,Nate Diaz,odd,https://www.bestfightodds.com/events/ufc-fight-night-11-thomas-vs-florian-13
Nate Diaz,meanodds,1190217628000,-191,Junior Assuncao,Nate Diaz,odd,https://www.bestfightodds.com/events/ufc-fight-night-11-thomas-vs-florian-13
Nate Diaz,meanodds,1190224845000,-198,Junior Assuncao,Nate Diaz,odd,https://www.bestfightodds.com/events/ufc-fight-night-11-thomas-vs-florian-13
Nate Diaz,meanodds,1190246407000,-200,Junior Assuncao,Nate Diaz,odd,https://www.bestfightodds.com/events/ufc-fight-night-11-thomas-vs-florian-13
Nate Diaz,meanodds,1190253610000,-194,Junior Assuncao,Nate Diaz,odd,https://www.bestfightodds.com/events/ufc-fight-night-11-thomas-vs-florian-13
Nate Diaz,meanodds,1190255410000,-202,Junior Assuncao,Nate Diaz,odd,https://www.bestfightodds.com/events/ufc-fight-night-11-thomas-vs-florian-13
Cole Miller,5Dimes,1190210425000,-135,Cole Miller,Leonard Garcia,even,https://www.bestfightodds.com/events/ufc-fight-night-11-thomas-vs-florian-13
Cole Miller,5Dimes,1190215826000,-140,Cole Miller,Leonard Garcia,even,https://www.bestfightodds.com/events/ufc-fight-night-11-thomas-vs-florian-13
Cole Miller,5Dimes,1190228432000,-135,Cole Miller,Leonard Garcia,even,https://www.bestfightodds.com/events/ufc-fight-night-11-thomas-vs-florian-13
Cole Miller,5Dimes,1190230240000,-130,Cole Miller,Leonard Garcia,even,https://www.bestfightodds.com/events/ufc-fight-night-11-thomas-vs-florian-13
Cole Miller,5Dimes,1190233848000,-135,Cole Miller,Leonard Garcia,even,https://www.bestfightodds.com/events/ufc-fight-night-11-thomas-vs-florian-13
Cole Miller,BookMaker,1190147412000,-130,Cole Miller,Leonard Garcia,even,https://www.bestfightodds.com/events/ufc-fight-night-11-thomas-vs-florian-13
Cole Miller,BookMaker,1190167210000,-145,Cole Miller,Leonard Garcia,even,https://www.bestfightodds.com/events/ufc-fight-night-11-thomas-vs-florian-13
Cole Miller,BookMaker,1190232018000,-160,Cole Miller,Leonard Garcia,even,https://www.bestfightodds.com/events/ufc-fight-night-11-thomas-vs-florian-13
Cole Miller,BookMaker,1190242815000,-145,Cole Miller,Leonard Garcia,even,https://www.bestfightodds.com/events/ufc-fight-night-11-thomas-vs-florian-13
Cole Miller,Sportsbook,1190156424000,-115,Cole Miller,Leonard Garcia,even,https://www.bestfightodds.com/events/ufc-fight-night-11-thomas-vs-florian-13
Cole Miller,Sportsbook,1190161819000,-125,Cole Miller,Leonard Garcia,even,https://www.bestfightodds.com/events/ufc-fight-night-11-thomas-vs-florian-13
Cole Miller,Sportsbook,1190163618000,-135,Cole Miller,Leonard Garcia,even,https://www.bestfightodds.com/events/ufc-fight-night-11-thomas-vs-florian-13
Cole Miller,Sportsbook,1190214020000,-145,Cole Miller,Leonard Garcia,even,https://www.bestfightodds.com/events/ufc-fight-night-11-thomas-vs-florian-13
Cole Miller,meanodds,1190147412000,-130,Cole Miller,Leonard Garcia,even,https://www.bestfightodds.com/events/ufc-fight-night-11-thomas-vs-florian-13
Cole Miller,meanodds,1190156424000,-122,Cole Miller,Leonard Garcia,even,https://www.bestfightodds.com/events/ufc-fight-night-11-thomas-vs-florian-13
Cole Miller,meanodds,1190161819000,-127,Cole Miller,Leonard Garcia,even,https://www.bestfightodds.com/events/ufc-fight-night-11-thomas-vs-florian-13
Cole Miller,meanodds,1190163618000,-132,Cole Miller,Leonard Garcia,even,https://www.bestfightodds.com/events/ufc-fight-night-11-thomas-vs-florian-13
Cole Miller,meanodds,1190167210000,-140,Cole Miller,Leonard Garcia,even,https://www.bestfightodds.com/events/ufc-fight-night-11-thomas-vs-florian-13
Cole Miller,meanodds,1190210425000,-138,Cole Miller,Leonard Garcia,even,https://www.bestfightodds.com/events/ufc-fight-night-11-thomas-vs-florian-13
Cole Miller,meanodds,1190214020000,-142,Cole Miller,Leonard Garcia,even,https://www.bestfightodds.com/events/ufc-fight-night-11-thomas-vs-florian-13
Cole Miller,meanodds,1190215826000,-143,Cole Miller,Leonard Garcia,even,https://www.bestfightodds.com/events/ufc-fight-night-11-thomas-vs-florian-13
Cole Miller,meanodds,1190228432000,-142,Cole Miller,Leonard Garcia,even,https://www.bestfightodds.com/events/ufc-fight-night-11-thomas-vs-florian-13
Cole Miller,meanodds,1190230240000,-140,Cole Miller,Leonard Garcia,even,https://www.bestfightodds.com/events/ufc-fight-night-11-thomas-vs-florian-13
Cole Miller,meanodds,1190232018000,-144,Cole Miller,Leonard Garcia,even,https://www.bestfightodds.com/events/ufc-fight-night-11-thomas-vs-florian-13
Cole Miller,meanodds,1190233848000,-146,Cole Miller,Leonard Garcia,even,https://www.bestfightodds.com/events/ufc-fight-night-11-thomas-vs-florian-13
Cole Miller,meanodds,1190242815000,-142,Cole Miller,Leonard Garcia,even,https://www.bestfightodds.com/events/ufc-fight-night-11-thomas-vs-florian-13
Leonard Garcia,5Dimes,1190210425000,+115,Cole Miller,Leonard Garcia,odd,https://www.bestfightodds.com/events/ufc-fight-night-11-thomas-vs-florian-13
Leonard Garcia,5Dimes,1190215826000,+120,Cole Miller,Leonard Garcia,odd,https://www.bestfightodds.com/events/ufc-fight-night-11-thomas-vs-florian-13
Leonard Garcia,5Dimes,1190228432000,+115,Cole Miller,Leonard Garcia,odd,https://www.bestfightodds.com/events/ufc-fight-night-11-thomas-vs-florian-13
Leonard Garcia,5Dimes,1190230240000,+110,Cole Miller,Leonard Garcia,odd,https://www.bestfightodds.com/events/ufc-fight-night-11-thomas-vs-florian-13
Leonard Garcia,5Dimes,1190233848000,+115,Cole Miller,Leonard Garcia,odd,https://www.bestfightodds.com/events/ufc-fight-night-11-thomas-vs-florian-13
Leonard Garcia,BookMaker,1190147412000,+100,Cole Miller,Leonard Garcia,odd,https://www.bestfightodds.com/events/ufc-fight-night-11-thomas-vs-florian-13
Leonard Garcia,BookMaker,1190167210000,+115,Cole Miller,Leonard Garcia,odd,https://www.bestfightodds.com/events/ufc-fight-night-11-thomas-vs-florian-13
Leonard Garcia,BookMaker,1190232018000,+130,Cole Miller,Leonard Garcia,odd,https://www.bestfightodds.com/events/ufc-fight-night-11-thomas-vs-florian-13
Leonard Garcia,BookMaker,1190242815000,+115,Cole Miller,Leonard Garcia,odd,https://www.bestfightodds.com/events/ufc-fight-night-11-thomas-vs-florian-13
Leonard Garcia,Sportsbook,1190156424000,-115,Cole Miller,Leonard Garcia,odd,https://www.bestfightodds.com/events/ufc-fight-night-11-thomas-vs-florian-13
Leonard Garcia,Sportsbook,1190161819000,-105,Cole Miller,Leonard Garcia,odd,https://www.bestfightodds.com/events/ufc-fight-night-11-thomas-vs-florian-13
Leonard Garcia,Sportsbook,1190163618000,+105,Cole Miller,Leonard Garcia,odd,https://www.bestfightodds.com/events/ufc-fight-night-11-thomas-vs-florian-13
Leonard Garcia,Sportsbook,1190214020000,+115,Cole Miller,Leonard Garcia,odd,https://www.bestfightodds.com/events/ufc-fight-night-11-thomas-vs-florian-13
Leonard Garcia,meanodds,1190147412000,+100,Cole Miller,Leonard Garcia,odd,https://www.bestfightodds.com/events/ufc-fight-night-11-thomas-vs-florian-13
Leonard Garcia,meanodds,1190156424000,-107,Cole Miller,Leonard Garcia,odd,https://www.bestfightodds.com/events/ufc-fight-night-11-thomas-vs-florian-13
Leonard Garcia,meanodds,1190161819000,-102,Cole Miller,Leonard Garcia,odd,https://www.bestfightodds.com/events/ufc-fight-night-11-thomas-vs-florian-13
Leonard Garcia,meanodds,1190163618000,+103,Cole Miller,Leonard Garcia,odd,https://www.bestfightodds.com/events/ufc-fight-night-11-thomas-vs-florian-13
Leonard Garcia,meanodds,1190167210000,+110,Cole Miller,Leonard Garcia,odd,https://www.bestfightodds.com/events/ufc-fight-night-11-thomas-vs-florian-13
Leonard Garcia,meanodds,1190210425000,+112,Cole Miller,Leonard Garcia,odd,https://www.bestfightodds.com/events/ufc-fight-night-11-thomas-vs-florian-13
Leonard Garcia,meanodds,1190214020000,+115,Cole Miller,Leonard Garcia,odd,https://www.bestfightodds.com/events/ufc-fight-night-11-thomas-vs-florian-13
Leonard Garcia,meanodds,1190215826000,+117,Cole Miller,Leonard Garcia,odd,https://www.bestfightodds.com/events/ufc-fight-night-11-thomas-vs-florian-13
Leonard Garcia,meanodds,1190228432000,+115,Cole Miller,Leonard Garcia,odd,https://www.bestfightodds.com/events/ufc-fight-night-11-thomas-vs-florian-13
Leonard Garcia,meanodds,1190230240000,+113,Cole Miller,Leonard Garcia,odd,https://www.bestfightodds.com/events/ufc-fight-night-11-thomas-vs-florian-13
Leonard Garcia,meanodds,1190232018000,+118,Cole Miller,Leonard Garcia,odd,https://www.bestfightodds.com/events/ufc-fight-night-11-thomas-vs-florian-13
Leonard Garcia,meanodds,1190233848000,+120,Cole Miller,Leonard Garcia,odd,https://www.bestfightodds.com/events/ufc-fight-night-11-thomas-vs-florian-13
Leonard Garcia,meanodds,1190242815000,+115,Cole Miller,Leonard Garcia,odd,https://www.bestfightodds.com/events/ufc-fight-night-11-thomas-vs-florian-13
Dustin Hazelett,5Dimes,1190210425000,+115,Dustin Hazelett,Jonathan Goulet,even,https://www.bestfightodds.com/events/ufc-fight-night-11-thomas-vs-florian-13
Dustin Hazelett,5Dimes,1190215827000,+120,Dustin Hazelett,Jonathan Goulet,even,https://www.bestfightodds.com/events/ufc-fight-night-11-thomas-vs-florian-13
Dustin Hazelett,5Dimes,1190223031000,+115,Dustin Hazelett,Jonathan Goulet,even,https://www.bestfightodds.com/events/ufc-fight-night-11-thomas-vs-florian-13
Dustin Hazelett,5Dimes,1190228432000,+110,Dustin Hazelett,Jonathan Goulet,even,https://www.bestfightodds.com/events/ufc-fight-night-11-thomas-vs-florian-13
Dustin Hazelett,BookMaker,1190147412000,+115,Dustin Hazelett,Jonathan Goulet,even,https://www.bestfightodds.com/events/ufc-fight-night-11-thomas-vs-florian-13
Dustin Hazelett,BookMaker,1190152813000,+130,Dustin Hazelett,Jonathan Goulet,even,https://www.bestfightodds.com/events/ufc-fight-night-11-thomas-vs-florian-13
Dustin Hazelett,BookMaker,1190169010000,+120,Dustin Hazelett,Jonathan Goulet,even,https://www.bestfightodds.com/events/ufc-fight-night-11-thomas-vs-florian-13
Dustin Hazelett,BookMaker,1190192408000,+110,Dustin Hazelett,Jonathan Goulet,even,https://www.bestfightodds.com/events/ufc-fight-night-11-thomas-vs-florian-13
Dustin Hazelett,BookMaker,1190232018000,+120,Dustin Hazelett,Jonathan Goulet,even,https://www.bestfightodds.com/events/ufc-fight-night-11-thomas-vs-florian-13
Dustin Hazelett,Sportsbook,1190156424000,+145,Dustin Hazelett,Jonathan Goulet,even,https://www.bestfightodds.com/events/ufc-fight-night-11-thomas-vs-florian-13
Dustin Hazelett,Sportsbook,1190161819000,+130,Dustin Hazelett,Jonathan Goulet,even,https://www.bestfightodds.com/events/ufc-fight-night-11-thomas-vs-florian-13
Dustin Hazelett,Sportsbook,1190163618000,+125,Dustin Hazelett,Jonathan Goulet,even,https://www.bestfightodds.com/events/ufc-fight-night-11-thomas-vs-florian-13
Dustin Hazelett,Sportsbook,1190214020000,+110,Dustin Hazelett,Jonathan Goulet,even,https://www.bestfightodds.com/events/ufc-fight-night-11-thomas-vs-florian-13
Dustin Hazelett,Sportsbook,1190241030000,+100,Dustin Hazelett,Jonathan Goulet,even,https://www.bestfightodds.com/events/ufc-fight-night-11-thomas-vs-florian-13
Dustin Hazelett,meanodds,1190147412000,+115,Dustin Hazelett,Jonathan Goulet,even,https://www.bestfightodds.com/events/ufc-fight-night-11-thomas-vs-florian-13
Dustin Hazelett,meanodds,1190152813000,+130,Dustin Hazelett,Jonathan Goulet,even,https://www.bestfightodds.com/events/ufc-fight-night-11-thomas-vs-florian-13
Dustin Hazelett,meanodds,1190156424000,+138,Dustin Hazelett,Jonathan Goulet,even,https://www.bestfightodds.com/events/ufc-fight-night-11-thomas-vs-florian-13
Dustin Hazelett,meanodds,1190161819000,+130,Dustin Hazelett,Jonathan Goulet,even,https://www.bestfightodds.com/events/ufc-fight-night-11-thomas-vs-florian-13
Dustin Hazelett,meanodds,1190163618000,+128,Dustin Hazelett,Jonathan Goulet,even,https://www.bestfightodds.com/events/ufc-fight-night-11-thomas-vs-florian-13
Dustin Hazelett,meanodds,1190169010000,+123,Dustin Hazelett,Jonathan Goulet,even,https://www.bestfightodds.com/events/ufc-fight-night-11-thomas-vs-florian-13
Dustin Hazelett,meanodds,1190192408000,+118,Dustin Hazelett,Jonathan Goulet,even,https://www.bestfightodds.com/events/ufc-fight-night-11-thomas-vs-florian-13
Dustin Hazelett,meanodds,1190210425000,+117,Dustin Hazelett,Jonathan Goulet,even,https://www.bestfightodds.com/events/ufc-fight-night-11-thomas-vs-florian-13
Dustin Hazelett,meanodds,1190214020000,+112,Dustin Hazelett,Jonathan Goulet,even,https://www.bestfightodds.com/events/ufc-fight-night-11-thomas-vs-florian-13
Dustin Hazelett,meanodds,1190215827000,+113,Dustin Hazelett,Jonathan Goulet,even,https://www.bestfightodds.com/events/ufc-fight-night-11-thomas-vs-florian-13
Dustin Hazelett,meanodds,1190223031000,+112,Dustin Hazelett,Jonathan Goulet,even,https://www.bestfightodds.com/events/ufc-fight-night-11-thomas-vs-florian-13
Dustin Hazelett,meanodds,1190228432000,+110,Dustin Hazelett,Jonathan Goulet,even,https://www.bestfightodds.com/events/ufc-fight-night-11-thomas-vs-florian-13
Dustin Hazelett,meanodds,1190232018000,+113,Dustin Hazelett,Jonathan Goulet,even,https://www.bestfightodds.com/events/ufc-fight-night-11-thomas-vs-florian-13
Dustin Hazelett,meanodds,1190241030000,+110,Dustin Hazelett,Jonathan Goulet,even,https://www.bestfightodds.com/events/ufc-fight-night-11-thomas-vs-florian-13
Jonathan Goulet,5Dimes,1190210425000,-135,Dustin Hazelett,Jonathan Goulet,odd,https://www.bestfightodds.com/events/ufc-fight-night-11-thomas-vs-florian-13
Jonathan Goulet,5Dimes,1190215827000,-140,Dustin Hazelett,Jonathan Goulet,odd,https://www.bestfightodds.com/events/ufc-fight-night-11-thomas-vs-florian-13
Jonathan Goulet,5Dimes,1190223031000,-135,Dustin Hazelett,Jonathan Goulet,odd,https://www.bestfightodds.com/events/ufc-fight-night-11-thomas-vs-florian-13
Jonathan Goulet,5Dimes,1190228432000,-130,Dustin Hazelett,Jonathan Goulet,odd,https://www.bestfightodds.com/events/ufc-fight-night-11-thomas-vs-florian-13
Jonathan Goulet,BookMaker,1190147412000,-145,Dustin Hazelett,Jonathan Goulet,odd,https://www.bestfightodds.com/events/ufc-fight-night-11-thomas-vs-florian-13
Jonathan Goulet,BookMaker,1190152813000,-160,Dustin Hazelett,Jonathan Goulet,odd,https://www.bestfightodds.com/events/ufc-fight-night-11-thomas-vs-florian-13
Jonathan Goulet,BookMaker,1190169010000,-150,Dustin Hazelett,Jonathan Goulet,odd,https://www.bestfightodds.com/events/ufc-fight-night-11-thomas-vs-florian-13
Jonathan Goulet,BookMaker,1190192408000,-140,Dustin Hazelett,Jonathan Goulet,odd,https://www.bestfightodds.com/events/ufc-fight-night-11-thomas-vs-florian-13
Jonathan Goulet,BookMaker,1190232018000,-150,Dustin Hazelett,Jonathan Goulet,odd,https://www.bestfightodds.com/events/ufc-fight-night-11-thomas-vs-florian-13
Jonathan Goulet,Sportsbook,1190156424000,-175,Dustin Hazelett,Jonathan Goulet,odd,https://www.bestfightodds.com/events/ufc-fight-night-11-thomas-vs-florian-13
Jonathan Goulet,Sportsbook,1190161819000,-160,Dustin Hazelett,Jonathan Goulet,odd,https://www.bestfightodds.com/events/ufc-fight-night-11-thomas-vs-florian-13
Jonathan Goulet,Sportsbook,1190163618000,-155,Dustin Hazelett,Jonathan Goulet,odd,https://www.bestfightodds.com/events/ufc-fight-night-11-thomas-vs-florian-13
Jonathan Goulet,Sportsbook,1190214020000,-140,Dustin Hazelett,Jonathan Goulet,odd,https://www.bestfightodds.com/events/ufc-fight-night-11-thomas-vs-florian-13
Jonathan Goulet,Sportsbook,1190241030000,-130,Dustin Hazelett,Jonathan Goulet,odd,https://www.bestfightodds.com/events/ufc-fight-night-11-thomas-vs-florian-13
Jonathan Goulet,meanodds,1190147412000,-145,Dustin Hazelett,Jonathan Goulet,odd,https://www.bestfightodds.com/events/ufc-fight-night-11-thomas-vs-florian-13
Jonathan Goulet,meanodds,1190152813000,-160,Dustin Hazelett,Jonathan Goulet,odd,https://www.bestfightodds.com/events/ufc-fight-night-11-thomas-vs-florian-13
Jonathan Goulet,meanodds,1190156424000,-167,Dustin Hazelett,Jonathan Goulet,odd,https://www.bestfightodds.com/events/ufc-fight-night-11-thomas-vs-florian-13
Jonathan Goulet,meanodds,1190161819000,-160,Dustin Hazelett,Jonathan Goulet,odd,https://www.bestfightodds.com/events/ufc-fight-night-11-thomas-vs-florian-13
Jonathan Goulet,meanodds,1190163618000,-157,Dustin Hazelett,Jonathan Goulet,odd,https://www.bestfightodds.com/events/ufc-fight-night-11-thomas-vs-florian-13
Jonathan Goulet,meanodds,1190169010000,-152,Dustin Hazelett,Jonathan Goulet,odd,https://www.bestfightodds.com/events/ufc-fight-night-11-thomas-vs-florian-13
Jonathan Goulet,meanodds,1190192408000,-147,Dustin Hazelett,Jonathan Goulet,odd,https://www.bestfightodds.com/events/ufc-fight-night-11-thomas-vs-florian-13
Jonathan Goulet,meanodds,1190210425000,-143,Dustin Hazelett,Jonathan Goulet,odd,https://www.bestfightodds.com/events/ufc-fight-night-11-thomas-vs-florian-13
Jonathan Goulet,meanodds,1190214020000,-138,Dustin Hazelett,Jonathan Goulet,odd,https://www.bestfightodds.com/events/ufc-fight-night-11-thomas-vs-florian-13
Jonathan Goulet,meanodds,1190215827000,-140,Dustin Hazelett,Jonathan Goulet,odd,https://www.bestfightodds.com/events/ufc-fight-night-11-thomas-vs-florian-13
Jonathan Goulet,meanodds,1190223031000,-138,Dustin Hazelett,Jonathan Goulet,odd,https://www.bestfightodds.com/events/ufc-fight-night-11-thomas-vs-florian-13
Jonathan Goulet,meanodds,1190228432000,-136,Dustin Hazelett,Jonathan Goulet,odd,https://www.bestfightodds.com/events/ufc-fight-night-11-thomas-vs-florian-13
Jonathan Goulet,meanodds,1190232018000,-140,Dustin Hazelett,Jonathan Goulet,odd,https://www.bestfightodds.com/events/ufc-fight-night-11-thomas-vs-florian-13
Jonathan Goulet,meanodds,1190241030000,-136,Dustin Hazelett,Jonathan Goulet,odd,https://www.bestfightodds.com/events/ufc-fight-night-11-thomas-vs-florian-13
Edilberto Crocota,5Dimes,1190210425000,+100,Edilberto Crocota,Luke Cummo,even,https://www.bestfightodds.com/events/ufc-fight-night-11-thomas-vs-florian-13
Edilberto Crocota,5Dimes,1190215827000,+105,Edilberto Crocota,Luke Cummo,even,https://www.bestfightodds.com/events/ufc-fight-night-11-thomas-vs-florian-13
Edilberto Crocota,5Dimes,1190228432000,-105,Edilberto Crocota,Luke Cummo,even,https://www.bestfightodds.com/events/ufc-fight-night-11-thomas-vs-florian-13
Edilberto Crocota,5Dimes,1190237462000,-110,Edilberto Crocota,Luke Cummo,even,https://www.bestfightodds.com/events/ufc-fight-night-11-thomas-vs-florian-13
Edilberto Crocota,BookMaker,1190147412000,+110,Edilberto Crocota,Luke Cummo,even,https://www.bestfightodds.com/events/ufc-fight-night-11-thomas-vs-florian-13
Edilberto Crocota,BookMaker,1190152813000,-105,Edilberto Crocota,Luke Cummo,even,https://www.bestfightodds.com/events/ufc-fight-night-11-thomas-vs-florian-13
Edilberto Crocota,BookMaker,1190232018000,-110,Edilberto Crocota,Luke Cummo,even,https://www.bestfightodds.com/events/ufc-fight-night-11-thomas-vs-florian-13
Edilberto Crocota,Sportsbook,1190156424000,-115,Edilberto Crocota,Luke Cummo,even,https://www.bestfightodds.com/events/ufc-fight-night-11-thomas-vs-florian-13
Edilberto Crocota,Sportsbook,1190214019000,-105,Edilberto Crocota,Luke Cummo,even,https://www.bestfightodds.com/events/ufc-fight-night-11-thomas-vs-florian-13
Edilberto Crocota,meanodds,1190147412000,+110,Edilberto Crocota,Luke Cummo,even,https://www.bestfightodds.com/events/ufc-fight-night-11-thomas-vs-florian-13
Edilberto Crocota,meanodds,1190152813000,-105,Edilberto Crocota,Luke Cummo,even,https://www.bestfightodds.com/events/ufc-fight-night-11-thomas-vs-florian-13
Edilberto Crocota,meanodds,1190156424000,-110,Edilberto Crocota,Luke Cummo,even,https://www.bestfightodds.com/events/ufc-fight-night-11-thomas-vs-florian-13
Edilberto Crocota,meanodds,1190210425000,-106,Edilberto Crocota,Luke Cummo,even,https://www.bestfightodds.com/events/ufc-fight-night-11-thomas-vs-florian-13
Edilberto Crocota,meanodds,1190214019000,-103,Edilberto Crocota,Luke Cummo,even,https://www.bestfightodds.com/events/ufc-fight-night-11-thomas-vs-florian-13
Edilberto Crocota,meanodds,1190215827000,-102,Edilberto Crocota,Luke Cummo,even,https://www.bestfightodds.com/events/ufc-fight-night-11-thomas-vs-florian-13
Edilberto Crocota,meanodds,1190228432000,-105,Edilberto Crocota,Luke Cummo,even,https://www.bestfightodds.com/events/ufc-fight-night-11-thomas-vs-florian-13
Edilberto Crocota,meanodds,1190232018000,-107,Edilberto Crocota,Luke Cummo,even,https://www.bestfightodds.com/events/ufc-fight-night-11-thomas-vs-florian-13
Edilberto Crocota,meanodds,1190237462000,-108,Edilberto Crocota,Luke Cummo,even,https://www.bestfightodds.com/events/ufc-fight-night-11-thomas-vs-florian-13
Luke Cummo,5Dimes,1190210425000,-120,Edilberto Crocota,Luke Cummo,odd,https://www.bestfightodds.com/events/ufc-fight-night-11-thomas-vs-florian-13
Luke Cummo,5Dimes,1190215827000,-125,Edilberto Crocota,Luke Cummo,odd,https://www.bestfightodds.com/events/ufc-fight-night-11-thomas-vs-florian-13
Luke Cummo,5Dimes,1190228432000,-115,Edilberto Crocota,Luke Cummo,odd,https://www.bestfightodds.com/events/ufc-fight-night-11-thomas-vs-florian-13
Luke Cummo,5Dimes,1190237462000,-110,Edilberto Crocota,Luke Cummo,odd,https://www.bestfightodds.com/events/ufc-fight-night-11-thomas-vs-florian-13
Luke Cummo,BookMaker,1190147412000,-140,Edilberto Crocota,Luke Cummo,odd,https://www.bestfightodds.com/events/ufc-fight-night-11-thomas-vs-florian-13
Luke Cummo,BookMaker,1190152813000,-125,Edilberto Crocota,Luke Cummo,odd,https://www.bestfightodds.com/events/ufc-fight-night-11-thomas-vs-florian-13
Luke Cummo,BookMaker,1190232018000,-120,Edilberto Crocota,Luke Cummo,odd,https://www.bestfightodds.com/events/ufc-fight-night-11-thomas-vs-florian-13
Luke Cummo,Sportsbook,1190156424000,-115,Edilberto Crocota,Luke Cummo,odd,https://www.bestfightodds.com/events/ufc-fight-night-11-thomas-vs-florian-13
Luke Cummo,Sportsbook,1190214019000,-125,Edilberto Crocota,Luke Cummo,odd,https://www.bestfightodds.com/events/ufc-fight-night-11-thomas-vs-florian-13
Luke Cummo,meanodds,1190147412000,-140,Edilberto Crocota,Luke Cummo,odd,https://www.bestfightodds.com/events/ufc-fight-night-11-thomas-vs-florian-13
Luke Cummo,meanodds,1190152813000,-125,Edilberto Crocota,Luke Cummo,odd,https://www.bestfightodds.com/events/ufc-fight-night-11-thomas-vs-florian-13
Luke Cummo,meanodds,1190156424000,-120,Edilberto Crocota,Luke Cummo,odd,https://www.bestfightodds.com/events/ufc-fight-night-11-thomas-vs-florian-13
Luke Cummo,meanodds,1190210425000,-120,Edilberto Crocota,Luke Cummo,odd,https://www.bestfightodds.com/events/ufc-fight-night-11-thomas-vs-florian-13
Luke Cummo,meanodds,1190214019000,-123,Edilberto Crocota,Luke Cummo,odd,https://www.bestfightodds.com/events/ufc-fight-night-11-thomas-vs-florian-13
Luke Cummo,meanodds,1190215827000,-125,Edilberto Crocota,Luke Cummo,odd,https://www.bestfightodds.com/events/ufc-fight-night-11-thomas-vs-florian-13
Luke Cummo,meanodds,1190228432000,-121,Edilberto Crocota,Luke Cummo,odd,https://www.bestfightodds.com/events/ufc-fight-night-11-thomas-vs-florian-13
Luke Cummo,meanodds,1190232018000,-120,Edilberto Crocota,Luke Cummo,odd,https://www.bestfightodds.com/events/ufc-fight-night-11-thomas-vs-florian-13
Luke Cummo,meanodds,1190237462000,-118,Edilberto Crocota,Luke Cummo,odd,https://www.bestfightodds.com/events/ufc-fight-night-11-thomas-vs-florian-13
Gray Maynard,5Dimes,1190210425000,-300,Gray Maynard,Joe Veres,even,https://www.bestfightodds.com/events/ufc-fight-night-11-thomas-vs-florian-13
Gray Maynard,5Dimes,1190223031000,-280,Gray Maynard,Joe Veres,even,https://www.bestfightodds.com/events/ufc-fight-night-11-thomas-vs-florian-13
Gray Maynard,BookMaker,1190147412000,-285,Gray Maynard,Joe Veres,even,https://www.bestfightodds.com/events/ufc-fight-night-11-thomas-vs-florian-13
Gray Maynard,BookMaker,1190152813000,-300,Gray Maynard,Joe Veres,even,https://www.bestfightodds.com/events/ufc-fight-night-11-thomas-vs-florian-13
Gray Maynard,BookMaker,1190232018000,-330,Gray Maynard,Joe Veres,even,https://www.bestfightodds.com/events/ufc-fight-night-11-thomas-vs-florian-13
Gray Maynard,BookMaker,1190242815000,-300,Gray Maynard,Joe Veres,even,https://www.bestfightodds.com/events/ufc-fight-night-11-thomas-vs-florian-13
Gray Maynard,Sportsbook,1190156424000,-260,Gray Maynard,Joe Veres,even,https://www.bestfightodds.com/events/ufc-fight-night-11-thomas-vs-florian-13
Gray Maynard,Sportsbook,1190241030000,-295,Gray Maynard,Joe Veres,even,https://www.bestfightodds.com/events/ufc-fight-night-11-thomas-vs-florian-13
Gray Maynard,meanodds,1190147412000,-285,Gray Maynard,Joe Veres,even,https://www.bestfightodds.com/events/ufc-fight-night-11-thomas-vs-florian-13
Gray Maynard,meanodds,1190152813000,-300,Gray Maynard,Joe Veres,even,https://www.bestfightodds.com/events/ufc-fight-night-11-thomas-vs-florian-13
Gray Maynard,meanodds,1190156424000,-279,Gray Maynard,Joe Veres,even,https://www.bestfightodds.com/events/ufc-fight-night-11-thomas-vs-florian-13
Gray Maynard,meanodds,1190210425000,-285,Gray Maynard,Joe Veres,even,https://www.bestfightodds.com/events/ufc-fight-night-11-thomas-vs-florian-13
Gray Maynard,meanodds,1190223031000,-279,Gray Maynard,Joe Veres,even,https://www.bestfightodds.com/events/ufc-fight-night-11-thomas-vs-florian-13
Gray Maynard,meanodds,1190232018000,-287,Gray Maynard,Joe Veres,even,https://www.bestfightodds.com/events/ufc-fight-night-11-thomas-vs-florian-13
Gray Maynard,meanodds,1190241030000,-300,Gray Maynard,Joe Veres,even,https://www.bestfightodds.com/events/ufc-fight-night-11-thomas-vs-florian-13
Gray Maynard,meanodds,1190242815000,-291,Gray Maynard,Joe Veres,even,https://www.bestfightodds.com/events/ufc-fight-night-11-thomas-vs-florian-13
Joe Veres,5Dimes,1190210425000,+250,Gray Maynard,Joe Veres,odd,https://www.bestfightodds.com/events/ufc-fight-night-11-thomas-vs-florian-13
Joe Veres,5Dimes,1190223031000,+240,Gray Maynard,Joe Veres,odd,https://www.bestfightodds.com/events/ufc-fight-night-11-thomas-vs-florian-13
Joe Veres,BookMaker,1190147412000,+225,Gray Maynard,Joe Veres,odd,https://www.bestfightodds.com/events/ufc-fight-night-11-thomas-vs-florian-13
Joe Veres,BookMaker,1190152813000,+240,Gray Maynard,Joe Veres,odd,https://www.bestfightodds.com/events/ufc-fight-night-11-thomas-vs-florian-13
Joe Veres,BookMaker,1190232018000,+270,Gray Maynard,Joe Veres,odd,https://www.bestfightodds.com/events/ufc-fight-night-11-thomas-vs-florian-13
Joe Veres,BookMaker,1190242815000,+240,Gray Maynard,Joe Veres,odd,https://www.bestfightodds.com/events/ufc-fight-night-11-thomas-vs-florian-13
Joe Veres,Sportsbook,1190156424000,+200,Gray Maynard,Joe Veres,odd,https://www.bestfightodds.com/events/ufc-fight-night-11-thomas-vs-florian-13
Joe Veres,Sportsbook,1190241030000,+235,Gray Maynard,Joe Veres,odd,https://www.bestfightodds.com/events/ufc-fight-night-11-thomas-vs-florian-13
Joe Veres,meanodds,1190147412000,+225,Gray Maynard,Joe Veres,odd,https://www.bestfightodds.com/events/ufc-fight-night-11-thomas-vs-florian-13
Joe Veres,meanodds,1190152813000,+240,Gray Maynard,Joe Veres,odd,https://www.bestfightodds.com/events/ufc-fight-night-11-thomas-vs-florian-13
Joe Veres,meanodds,1190156424000,+220,Gray Maynard,Joe Veres,odd,https://www.bestfightodds.com/events/ufc-fight-night-11-thomas-vs-florian-13
Joe Veres,meanodds,1190210425000,+230,Gray Maynard,Joe Veres,odd,https://www.bestfightodds.com/events/ufc-fight-night-11-thomas-vs-florian-13
Joe Veres,meanodds,1190223031000,+227,Gray Maynard,Joe Veres,odd,https://www.bestfightodds.com/events/ufc-fight-night-11-thomas-vs-florian-13
Joe Veres,meanodds,1190232018000,+237,Gray Maynard,Joe Veres,odd,https://www.bestfightodds.com/events/ufc-fight-night-11-thomas-vs-florian-13
Joe Veres,meanodds,1190241030000,+248,Gray Maynard,Joe Veres,odd,https://www.bestfightodds.com/events/ufc-fight-night-11-thomas-vs-florian-13
Joe Veres,meanodds,1190242815000,+238,Gray Maynard,Joe Veres,odd,https://www.bestfightodds.com/events/ufc-fight-night-11-thomas-vs-florian-13
